[
  {
    "id": "4331f790-0310-4148-8a7b-0963902bda80",
    "data": [
      {
        "text": "🚗",
        "userDefined": false
      }
    ],
    "isTemplate": false,
    "count": 0,
    "updated": 0
  },
  {
    "id": "80520b58-7e8d-40b9-b744-f2d7fd741d85",
    "data": [
      {
        "text": "🚕",
        "userDefined": false
      }
    ],
    "isTemplate": false,
    "count": 0,
    "updated": 0
  },
  {
    "id": "6a346ac7-ee01-4f16-a8d4-734a9dae8036",
    "data": [
      {
        "text": "🚙",
        "userDefined": false
      }
    ],
    "isTemplate": false,
    "count": 0,
    "updated": 0
  },
  {
    "id": "abff84b8-87bf-4d17-98b2-9dc76472ce99",
    "data": [
      {
        "text": "🚌",
        "userDefined": false
      }
    ],
    "isTemplate": false,
    "count": 0,
    "updated": 0
  },
  {
    "id": "a7c201bf-7ab9-4541-bb7d-31eb05dfd366",
    "data": [
      {
        "text": "🚎",
        "userDefined": false
      }
    ],
    "isTemplate": false,
    "count": 0,
    "updated": 0
  },
  {
    "id": "c9cee1d6-24de-49d8-9aa2-c664d7ed708b",
    "data": [
      {
        "text": "🏎",
        "userDefined": false
      }
    ],
    "isTemplate": false,
    "count": 0,
    "updated": 0
  },
  {
    "id": "3137219d-46c5-4dca-950a-35c4bfe4bf9e",
    "data": [
      {
        "text": "🚓",
        "userDefined": false
      }
    ],
    "isTemplate": false,
    "count": 0,
    "updated": 0
  },
  {
    "id": "6ec0027c-6e94-406a-afd3-c479a29435f7",
    "data": [
      {
        "text": "🚑",
        "userDefined": false
      }
    ],
    "isTemplate": false,
    "count": 0,
    "updated": 0
  },
  {
    "id": "50e2eca3-3e4e-4549-81f6-eaf66437313a",
    "data": [
      {
        "text": "🚒",
        "userDefined": false
      }
    ],
    "isTemplate": false,
    "count": 0,
    "updated": 0
  },
  {
    "id": "68f27246-b9bd-4664-a2fd-a9614c6215e8",
    "data": [
      {
        "text": "🚐",
        "userDefined": false
      }
    ],
    "isTemplate": false,
    "count": 0,
    "updated": 0
  },
  {
    "id": "20f4fc3a-e4f9-4d23-83f0-a580cd0b15c4",
    "data": [
      {
        "text": "🚚",
        "userDefined": false
      }
    ],
    "isTemplate": false,
    "count": 0,
    "updated": 0
  },
  {
    "id": "02a07b54-0cbf-4068-ab61-20bc8d150b19",
    "data": [
      {
        "text": "🚛",
        "userDefined": false
      }
    ],
    "isTemplate": false,
    "count": 0,
    "updated": 0
  },
  {
    "id": "51175e51-0a2c-401c-80e1-0767dca37f6a",
    "data": [
      {
        "text": "🚜",
        "userDefined": false
      }
    ],
    "isTemplate": false,
    "count": 0,
    "updated": 0
  },
  {
    "id": "f73c3604-68ed-4c8c-b0bd-910ceeaaf0ec",
    "data": [
      {
        "text": "🏍",
        "userDefined": false
      }
    ],
    "isTemplate": false,
    "count": 0,
    "updated": 0
  },
  {
    "id": "fc50bde1-752f-4980-8f16-58d3969b28ef",
    "data": [
      {
        "text": "🚲",
        "userDefined": false
      }
    ],
    "isTemplate": false,
    "count": 0,
    "updated": 0
  },
  {
    "id": "9b10bd40-8f89-44f0-8a8e-9dcfbfeaf08d",
    "data": [
      {
        "text": "🚨",
        "userDefined": false
      }
    ],
    "isTemplate": false,
    "count": 0,
    "updated": 0
  },
  {
    "id": "59853ac6-97c0-4c03-a719-49214546729a",
    "data": [
      {
        "text": "🚔",
        "userDefined": false
      }
    ],
    "isTemplate": false,
    "count": 0,
    "updated": 0
  },
  {
    "id": "08236d03-c348-4012-9f73-fa96e2e0e2a3",
    "data": [
      {
        "text": "🚍",
        "userDefined": false
      }
    ],
    "isTemplate": false,
    "count": 0,
    "updated": 0
  },
  {
    "id": "78cf1e2b-368e-4a5a-bbc1-2a51fb4547eb",
    "data": [
      {
        "text": "🚘",
        "userDefined": false
      }
    ],
    "isTemplate": false,
    "count": 0,
    "updated": 0
  },
  {
    "id": "9a1d286e-d936-40fd-9c39-0dd8d3e91166",
    "data": [
      {
        "text": "🚖",
        "userDefined": false
      }
    ],
    "isTemplate": false,
    "count": 0,
    "updated": 0
  },
  {
    "id": "774ec3ff-e531-427c-9556-e5f5da677057",
    "data": [
      {
        "text": "🚡",
        "userDefined": false
      }
    ],
    "isTemplate": false,
    "count": 0,
    "updated": 0
  },
  {
    "id": "2581dfb0-72bc-4876-9bf8-d75f2fa9a5ba",
    "data": [
      {
        "text": "🚠",
        "userDefined": false
      }
    ],
    "isTemplate": false,
    "count": 0,
    "updated": 0
  },
  {
    "id": "2e0a84a8-348b-4bcd-ad31-10b608b16b7c",
    "data": [
      {
        "text": "🚟",
        "userDefined": false
      }
    ],
    "isTemplate": false,
    "count": 0,
    "updated": 0
  },
  {
    "id": "b50d5a29-542c-42f4-b144-01f1b705b539",
    "data": [
      {
        "text": "🚃",
        "userDefined": false
      }
    ],
    "isTemplate": false,
    "count": 0,
    "updated": 0
  },
  {
    "id": "9b82d935-1c9e-43c4-856e-7cec0965a3d3",
    "data": [
      {
        "text": "🚋",
        "userDefined": false
      }
    ],
    "isTemplate": false,
    "count": 0,
    "updated": 0
  },
  {
    "id": "241aede2-5e52-4ec7-887b-b886914dfe47",
    "data": [
      {
        "text": "🚝",
        "userDefined": false
      }
    ],
    "isTemplate": false,
    "count": 0,
    "updated": 0
  },
  {
    "id": "5f1605a9-bb49-4fb8-9309-2f0a4e620d76",
    "data": [
      {
        "text": "🚄",
        "userDefined": false
      }
    ],
    "isTemplate": false,
    "count": 0,
    "updated": 0
  },
  {
    "id": "dd4a68d8-4298-4b74-aeb4-419964515394",
    "data": [
      {
        "text": "🚅",
        "userDefined": false
      }
    ],
    "isTemplate": false,
    "count": 0,
    "updated": 0
  },
  {
    "id": "17a889ba-9684-4c0e-9b7d-2dc478139c74",
    "data": [
      {
        "text": "🚈",
        "userDefined": false
      }
    ],
    "isTemplate": false,
    "count": 0,
    "updated": 0
  },
  {
    "id": "32a43b48-619b-430d-8dce-7fa2ec9465dd",
    "data": [
      {
        "text": "🚞",
        "userDefined": false
      }
    ],
    "isTemplate": false,
    "count": 0,
    "updated": 0
  },
  {
    "id": "eac41c8e-c156-47c2-b960-5e42561327b6",
    "data": [
      {
        "text": "🚂",
        "userDefined": false
      }
    ],
    "isTemplate": false,
    "count": 0,
    "updated": 0
  },
  {
    "id": "4ef484d0-99dd-4c2a-99bd-55d527251b20",
    "data": [
      {
        "text": "🚆",
        "userDefined": false
      }
    ],
    "isTemplate": false,
    "count": 0,
    "updated": 0
  },
  {
    "id": "d1d603e1-2d83-4cc8-a4ff-4893dabfc648",
    "data": [
      {
        "text": "🚇",
        "userDefined": false
      }
    ],
    "isTemplate": false,
    "count": 0,
    "updated": 0
  },
  {
    "id": "6e0c0eac-d1a8-4536-b9cd-e960e269c1b2",
    "data": [
      {
        "text": "🚊",
        "userDefined": false
      }
    ],
    "isTemplate": false,
    "count": 0,
    "updated": 0
  },
  {
    "id": "33510e44-09d4-4e31-9314-6756b4363930",
    "data": [
      {
        "text": "🚉",
        "userDefined": false
      }
    ],
    "isTemplate": false,
    "count": 0,
    "updated": 0
  },
  {
    "id": "c37faf4c-498d-4dfe-993c-f448df181f2b",
    "data": [
      {
        "text": "🚁",
        "userDefined": false
      }
    ],
    "isTemplate": false,
    "count": 0,
    "updated": 0
  },
  {
    "id": "967d1b77-066f-4631-9d15-1a8363194e2f",
    "data": [
      {
        "text": "🛩",
        "userDefined": false
      }
    ],
    "isTemplate": false,
    "count": 0,
    "updated": 0
  },
  {
    "id": "5270df1d-7eef-4f4e-a298-4f5e0f2f2b3e",
    "data": [
      {
        "text": "✈",
        "userDefined": false
      }
    ],
    "isTemplate": false,
    "count": 0,
    "updated": 0
  },
  {
    "id": "2c7187df-74bc-4ac0-b375-b669030ea17e",
    "data": [
      {
        "text": "🛫",
        "userDefined": false
      }
    ],
    "isTemplate": false,
    "count": 0,
    "updated": 0
  },
  {
    "id": "031e6e88-a422-436d-b1c0-87a5c608d34b",
    "data": [
      {
        "text": "🛬",
        "userDefined": false
      }
    ],
    "isTemplate": false,
    "count": 0,
    "updated": 0
  },
  {
    "id": "1b4cb63c-a4ed-471f-9c85-3b37a69cec5a",
    "data": [
      {
        "text": "⛵",
        "userDefined": false
      }
    ],
    "isTemplate": false,
    "count": 0,
    "updated": 0
  },
  {
    "id": "060031f3-d17e-468b-b1f2-bc5457ac65c9",
    "data": [
      {
        "text": "🛥",
        "userDefined": false
      }
    ],
    "isTemplate": false,
    "count": 0,
    "updated": 0
  },
  {
    "id": "c1f365bd-6622-4131-a1ee-bfd949c1778a",
    "data": [
      {
        "text": "🚤",
        "userDefined": false
      }
    ],
    "isTemplate": false,
    "count": 0,
    "updated": 0
  },
  {
    "id": "3abad4c1-fede-459e-9a28-02622e75dcb8",
    "data": [
      {
        "text": "⛴",
        "userDefined": false
      }
    ],
    "isTemplate": false,
    "count": 0,
    "updated": 0
  },
  {
    "id": "1bd9cbee-a602-4736-bd89-6ab2b1b08e22",
    "data": [
      {
        "text": "🛳",
        "userDefined": false
      }
    ],
    "isTemplate": false,
    "count": 0,
    "updated": 0
  },
  {
    "id": "f443159c-e0a5-4321-bdea-02e3aeca62c3",
    "data": [
      {
        "text": "🚀",
        "userDefined": false
      }
    ],
    "isTemplate": false,
    "count": 0,
    "updated": 0
  },
  {
    "id": "0aa654f5-888c-495e-874d-3b9afddde0cd",
    "data": [
      {
        "text": "🛰",
        "userDefined": false
      }
    ],
    "isTemplate": false,
    "count": 0,
    "updated": 0
  },
  {
    "id": "c918f3aa-2db2-4339-9801-c1432bae621a",
    "data": [
      {
        "text": "💺",
        "userDefined": false
      }
    ],
    "isTemplate": false,
    "count": 0,
    "updated": 0
  },
  {
    "id": "bda9c2ec-cbc3-4c41-b0ec-40113bc78048",
    "data": [
      {
        "text": "⚓",
        "userDefined": false
      }
    ],
    "isTemplate": false,
    "count": 0,
    "updated": 0
  },
  {
    "id": "d0113222-653d-4eeb-a6cf-d5262a8884d6",
    "data": [
      {
        "text": "🚧",
        "userDefined": false
      }
    ],
    "isTemplate": false,
    "count": 0,
    "updated": 0
  },
  {
    "id": "a5029d9c-fc3b-4ab2-961f-4ad415a9eea0",
    "data": [
      {
        "text": "⛽",
        "userDefined": false
      }
    ],
    "isTemplate": false,
    "count": 0,
    "updated": 0
  },
  {
    "id": "cf6b1db4-f8f9-4a19-b537-70b94c942505",
    "data": [
      {
        "text": "🚏",
        "userDefined": false
      }
    ],
    "isTemplate": false,
    "count": 0,
    "updated": 0
  },
  {
    "id": "2e35f478-3192-440d-98a2-51f9a9cd1221",
    "data": [
      {
        "text": "🚦",
        "userDefined": false
      }
    ],
    "isTemplate": false,
    "count": 0,
    "updated": 0
  },
  {
    "id": "ae924b35-93f9-4362-b523-bc43fc9a364b",
    "data": [
      {
        "text": "🚥",
        "userDefined": false
      }
    ],
    "isTemplate": false,
    "count": 0,
    "updated": 0
  },
  {
    "id": "48e27725-298b-4379-b67b-33deecc5e118",
    "data": [
      {
        "text": "🏁",
        "userDefined": false
      }
    ],
    "isTemplate": false,
    "count": 0,
    "updated": 0
  },
  {
    "id": "0c744fff-a60b-4513-bc39-41510179aaf4",
    "data": [
      {
        "text": "🚢",
        "userDefined": false
      }
    ],
    "isTemplate": false,
    "count": 0,
    "updated": 0
  },
  {
    "id": "e766d874-f613-4950-80fb-d00de8b81726",
    "data": [
      {
        "text": "🎡",
        "userDefined": false
      }
    ],
    "isTemplate": false,
    "count": 0,
    "updated": 0
  },
  {
    "id": "d6a117ae-93ac-42c4-850a-58decf29046a",
    "data": [
      {
        "text": "🎢",
        "userDefined": false
      }
    ],
    "isTemplate": false,
    "count": 0,
    "updated": 0
  },
  {
    "id": "3ba7c264-d216-47c2-b1d9-42cfac502562",
    "data": [
      {
        "text": "🎠",
        "userDefined": false
      }
    ],
    "isTemplate": false,
    "count": 0,
    "updated": 0
  },
  {
    "id": "3fa21cc7-5efe-4877-83cf-415091870f12",
    "data": [
      {
        "text": "🏗",
        "userDefined": false
      }
    ],
    "isTemplate": false,
    "count": 0,
    "updated": 0
  },
  {
    "id": "8c1999b1-de2d-42ab-b4c6-522fe730f071",
    "data": [
      {
        "text": "🌁",
        "userDefined": false
      }
    ],
    "isTemplate": false,
    "count": 0,
    "updated": 0
  },
  {
    "id": "5b61057f-7590-4640-b8c0-c484b6df0a9a",
    "data": [
      {
        "text": "🗼",
        "userDefined": false
      }
    ],
    "isTemplate": false,
    "count": 0,
    "updated": 0
  },
  {
    "id": "c59be3c3-25f0-4327-b096-5635fc292689",
    "data": [
      {
        "text": "🏭",
        "userDefined": false
      }
    ],
    "isTemplate": false,
    "count": 0,
    "updated": 0
  },
  {
    "id": "fa365b09-eed8-4952-aead-2d68edd4c8a4",
    "data": [
      {
        "text": "⛲",
        "userDefined": false
      }
    ],
    "isTemplate": false,
    "count": 0,
    "updated": 0
  },
  {
    "id": "83c01182-22c1-45fa-bbfd-9f32bdcf09b0",
    "data": [
      {
        "text": "🎑",
        "userDefined": false
      }
    ],
    "isTemplate": false,
    "count": 0,
    "updated": 0
  },
  {
    "id": "123b42d5-9cd3-472c-bfdb-dd3dfc772461",
    "data": [
      {
        "text": "⛰",
        "userDefined": false
      }
    ],
    "isTemplate": false,
    "count": 0,
    "updated": 0
  },
  {
    "id": "edfd69b9-0fa3-44cf-adbe-0d14967f4a89",
    "data": [
      {
        "text": "🏔",
        "userDefined": false
      }
    ],
    "isTemplate": false,
    "count": 0,
    "updated": 0
  },
  {
    "id": "1de519a7-9494-4dd7-b900-928c3866f501",
    "data": [
      {
        "text": "🗻",
        "userDefined": false
      }
    ],
    "isTemplate": false,
    "count": 0,
    "updated": 0
  },
  {
    "id": "f03eb1b1-55c7-4b5d-b065-a8eae0899797",
    "data": [
      {
        "text": "🌋",
        "userDefined": false
      }
    ],
    "isTemplate": false,
    "count": 0,
    "updated": 0
  },
  {
    "id": "e6e8fa92-8abd-413a-ad9c-62ee89418863",
    "data": [
      {
        "text": "🗾",
        "userDefined": false
      }
    ],
    "isTemplate": false,
    "count": 0,
    "updated": 0
  },
  {
    "id": "f6b7d385-d73c-411b-84de-ccdca5b6f82e",
    "data": [
      {
        "text": "🏕",
        "userDefined": false
      }
    ],
    "isTemplate": false,
    "count": 0,
    "updated": 0
  },
  {
    "id": "a13fd9c5-8300-42fa-aa72-48856be8d079",
    "data": [
      {
        "text": "⛺",
        "userDefined": false
      }
    ],
    "isTemplate": false,
    "count": 0,
    "updated": 0
  },
  {
    "id": "1bdd8ac2-88af-4c86-86cb-dd2df20c1899",
    "data": [
      {
        "text": "🏞",
        "userDefined": false
      }
    ],
    "isTemplate": false,
    "count": 0,
    "updated": 0
  },
  {
    "id": "38142fce-11af-4ef6-973c-6c4ab9046217",
    "data": [
      {
        "text": "🛣",
        "userDefined": false
      }
    ],
    "isTemplate": false,
    "count": 0,
    "updated": 0
  },
  {
    "id": "b5591102-f2c0-41ba-968c-9848d388007d",
    "data": [
      {
        "text": "🛤",
        "userDefined": false
      }
    ],
    "isTemplate": false,
    "count": 0,
    "updated": 0
  },
  {
    "id": "80a34c74-03fd-4775-a4b4-1760d718813f",
    "data": [
      {
        "text": "🌅",
        "userDefined": false
      }
    ],
    "isTemplate": false,
    "count": 0,
    "updated": 0
  },
  {
    "id": "d59b7306-1fae-4c89-8789-1a1fd7131da9",
    "data": [
      {
        "text": "🌄",
        "userDefined": false
      }
    ],
    "isTemplate": false,
    "count": 0,
    "updated": 0
  },
  {
    "id": "4b2b3c62-bea2-4ec3-9654-86b70b071169",
    "data": [
      {
        "text": "🏜",
        "userDefined": false
      }
    ],
    "isTemplate": false,
    "count": 0,
    "updated": 0
  },
  {
    "id": "f7f0aa66-62c4-4ec4-ad22-32c6eb6e2532",
    "data": [
      {
        "text": "🏖",
        "userDefined": false
      }
    ],
    "isTemplate": false,
    "count": 0,
    "updated": 0
  },
  {
    "id": "e67f8051-ac40-40ae-9489-8f540c9dd743",
    "data": [
      {
        "text": "🏝",
        "userDefined": false
      }
    ],
    "isTemplate": false,
    "count": 0,
    "updated": 0
  },
  {
    "id": "a7029dc0-e5d9-4b4b-8e29-89aefc0e5122",
    "data": [
      {
        "text": "🌇",
        "userDefined": false
      }
    ],
    "isTemplate": false,
    "count": 0,
    "updated": 0
  },
  {
    "id": "efae7dee-8607-4efd-beff-4fff423c23ef",
    "data": [
      {
        "text": "🌆",
        "userDefined": false
      }
    ],
    "isTemplate": false,
    "count": 0,
    "updated": 0
  },
  {
    "id": "9b26d264-0458-4d64-94d7-cfa0981bc1ec",
    "data": [
      {
        "text": "🏙",
        "userDefined": false
      }
    ],
    "isTemplate": false,
    "count": 0,
    "updated": 0
  },
  {
    "id": "87c7f601-5989-4889-9e2c-960b542047ae",
    "data": [
      {
        "text": "🌃",
        "userDefined": false
      }
    ],
    "isTemplate": false,
    "count": 0,
    "updated": 0
  },
  {
    "id": "74ab60ab-649e-4fbc-a603-2fd7135e6fdc",
    "data": [
      {
        "text": "🌉",
        "userDefined": false
      }
    ],
    "isTemplate": false,
    "count": 0,
    "updated": 0
  },
  {
    "id": "c9f44f2d-7aa7-47eb-91d1-e4d83b62ae98",
    "data": [
      {
        "text": "🌌",
        "userDefined": false
      }
    ],
    "isTemplate": false,
    "count": 0,
    "updated": 0
  },
  {
    "id": "c024e38e-1358-400a-9adb-628ad2e61bf8",
    "data": [
      {
        "text": "🌠",
        "userDefined": false
      }
    ],
    "isTemplate": false,
    "count": 0,
    "updated": 0
  },
  {
    "id": "37e0f4e2-cb08-45f3-acf1-b189fba28f3c",
    "data": [
      {
        "text": "🎇",
        "userDefined": false
      }
    ],
    "isTemplate": false,
    "count": 0,
    "updated": 0
  },
  {
    "id": "6cfc7f90-9a1e-4023-b4b0-19c909594add",
    "data": [
      {
        "text": "🎆",
        "userDefined": false
      }
    ],
    "isTemplate": false,
    "count": 0,
    "updated": 0
  },
  {
    "id": "aac5072f-7d9a-4527-822a-396f1e0a55fa",
    "data": [
      {
        "text": "🌈",
        "userDefined": false
      }
    ],
    "isTemplate": false,
    "count": 0,
    "updated": 0
  },
  {
    "id": "5896352b-d263-454e-b8ba-27c2ee7c0d8a",
    "data": [
      {
        "text": "🏘",
        "userDefined": false
      }
    ],
    "isTemplate": false,
    "count": 0,
    "updated": 0
  },
  {
    "id": "9f44a646-4770-463a-bdac-bf16d7f2a325",
    "data": [
      {
        "text": "🏰",
        "userDefined": false
      }
    ],
    "isTemplate": false,
    "count": 0,
    "updated": 0
  },
  {
    "id": "011aee34-103e-4ac5-bd9c-b983d589c05f",
    "data": [
      {
        "text": "🏯",
        "userDefined": false
      }
    ],
    "isTemplate": false,
    "count": 0,
    "updated": 0
  },
  {
    "id": "ac8a5804-225c-4003-b4d0-48907425c9a8",
    "data": [
      {
        "text": "🏟",
        "userDefined": false
      }
    ],
    "isTemplate": false,
    "count": 0,
    "updated": 0
  },
  {
    "id": "ac1d9332-c656-46c3-91a5-55a955ba5f10",
    "data": [
      {
        "text": "🗽",
        "userDefined": false
      }
    ],
    "isTemplate": false,
    "count": 0,
    "updated": 0
  },
  {
    "id": "cfc46a6b-fce6-4a1e-a15a-c4387af0bada",
    "data": [
      {
        "text": "🏠",
        "userDefined": false
      }
    ],
    "isTemplate": false,
    "count": 0,
    "updated": 0
  },
  {
    "id": "408da516-ebd3-4be5-8956-9dfbdd0498aa",
    "data": [
      {
        "text": "🏡",
        "userDefined": false
      }
    ],
    "isTemplate": false,
    "count": 0,
    "updated": 0
  },
  {
    "id": "8d6a6af4-a9c1-4bcc-909e-4a0f5a466121",
    "data": [
      {
        "text": "🏚",
        "userDefined": false
      }
    ],
    "isTemplate": false,
    "count": 0,
    "updated": 0
  },
  {
    "id": "f6b18f79-9648-469c-be8c-be0f450bb38e",
    "data": [
      {
        "text": "🏢",
        "userDefined": false
      }
    ],
    "isTemplate": false,
    "count": 0,
    "updated": 0
  },
  {
    "id": "4580dbc6-277d-45dc-ba9f-c88a3faff72c",
    "data": [
      {
        "text": "🏬",
        "userDefined": false
      }
    ],
    "isTemplate": false,
    "count": 0,
    "updated": 0
  },
  {
    "id": "93df0a64-993f-45e8-b97c-d913fc04598b",
    "data": [
      {
        "text": "🏣",
        "userDefined": false
      }
    ],
    "isTemplate": false,
    "count": 0,
    "updated": 0
  },
  {
    "id": "3d1eaa29-9e79-48f6-9ff2-8e6f0b7f83de",
    "data": [
      {
        "text": "🏤",
        "userDefined": false
      }
    ],
    "isTemplate": false,
    "count": 0,
    "updated": 0
  },
  {
    "id": "34e26f32-5ed0-48ea-b23c-a14cf9926abe",
    "data": [
      {
        "text": "🏥",
        "userDefined": false
      }
    ],
    "isTemplate": false,
    "count": 0,
    "updated": 0
  },
  {
    "id": "8afba71a-d001-4c74-89c4-e5f2e5b33863",
    "data": [
      {
        "text": "🏦",
        "userDefined": false
      }
    ],
    "isTemplate": false,
    "count": 0,
    "updated": 0
  },
  {
    "id": "bd2a41c8-25f3-4366-9f16-316295cad938",
    "data": [
      {
        "text": "🏨",
        "userDefined": false
      }
    ],
    "isTemplate": false,
    "count": 0,
    "updated": 0
  },
  {
    "id": "78d74905-157d-46d0-ad78-c50501604069",
    "data": [
      {
        "text": "🏪",
        "userDefined": false
      }
    ],
    "isTemplate": false,
    "count": 0,
    "updated": 0
  },
  {
    "id": "5f33ae36-3414-4851-b1f1-8858a72ef5bc",
    "data": [
      {
        "text": "🏫",
        "userDefined": false
      }
    ],
    "isTemplate": false,
    "count": 0,
    "updated": 0
  },
  {
    "id": "7d2f8142-c251-47b0-8fde-22d98f801fa8",
    "data": [
      {
        "text": "🏩",
        "userDefined": false
      }
    ],
    "isTemplate": false,
    "count": 0,
    "updated": 0
  },
  {
    "id": "fa403e77-314e-4288-8c3d-c24acaa6664e",
    "data": [
      {
        "text": "💒",
        "userDefined": false
      }
    ],
    "isTemplate": false,
    "count": 0,
    "updated": 0
  },
  {
    "id": "cd80259f-a8c6-46f8-8026-820dd9093f22",
    "data": [
      {
        "text": "🏛",
        "userDefined": false
      }
    ],
    "isTemplate": false,
    "count": 0,
    "updated": 0
  },
  {
    "id": "ef08917a-16bd-499c-810b-9485975f4601",
    "data": [
      {
        "text": "⛪",
        "userDefined": false
      }
    ],
    "isTemplate": false,
    "count": 0,
    "updated": 0
  },
  {
    "id": "3230f97d-6b6f-4e06-ad4b-df1114d393fb",
    "data": [
      {
        "text": "🕌",
        "userDefined": false
      }
    ],
    "isTemplate": false,
    "count": 0,
    "updated": 0
  },
  {
    "id": "5244f84e-9796-4069-919a-5a02814a9c64",
    "data": [
      {
        "text": "🕍",
        "userDefined": false
      }
    ],
    "isTemplate": false,
    "count": 0,
    "updated": 0
  },
  {
    "id": "9e16fa7c-179d-4825-8f4d-278fd64396f7",
    "data": [
      {
        "text": "🕋",
        "userDefined": false
      }
    ],
    "isTemplate": false,
    "count": 0,
    "updated": 0
  },
  {
    "id": "bea705c9-5164-4a3c-ae4f-76e9941b0eca",
    "data": [
      {
        "text": "⛩",
        "userDefined": false
      }
    ],
    "isTemplate": false,
    "count": 0,
    "updated": 0
  }
]