[
  {
    "id": "7febacee-7e43-4e26-b33b-21b298ee7bf1",
    "data": [
      {
        "text": "🥰",
        "userDefined": false
      }
    ],
    "isTemplate": false,
    "count": 0,
    "updated": 0
  },
  {
    "id": "d1b65e18-52c9-4522-939f-ba30be272c45",
    "data": [
      {
        "text": "😘",
        "userDefined": false
      }
    ],
    "isTemplate": false,
    "count": 0,
    "updated": 0
  },
  {
    "id": "0ec86e80-5e73-47cf-b8c4-3331f228f82c",
    "data": [
      {
        "text": "😍",
        "userDefined": false
      }
    ],
    "isTemplate": false,
    "count": 0,
    "updated": 0
  }
]