[
  {
    "id": "f758f1e2-841d-4a29-a7f9-e0bb82c4b06a",
    "data": [
      {
        "text": "❤",
        "userDefined": false
      }
    ],
    "isTemplate": false,
    "count": 0,
    "updated": 0
  },
  {
    "id": "81a70ec8-aced-426d-bc0c-cfe4e2fff328",
    "data": [
      {
        "text": "💛",
        "userDefined": false
      }
    ],
    "isTemplate": false,
    "count": 0,
    "updated": 0
  },
  {
    "id": "6dd92a89-5b92-458f-a533-72983cbbc6d9",
    "data": [
      {
        "text": "💚",
        "userDefined": false
      }
    ],
    "isTemplate": false,
    "count": 0,
    "updated": 0
  },
  {
    "id": "2c636920-d791-4482-91a7-41dac8123de2",
    "data": [
      {
        "text": "💙",
        "userDefined": false
      }
    ],
    "isTemplate": false,
    "count": 0,
    "updated": 0
  },
  {
    "id": "8ca54db7-37a5-4534-b7d4-3f395b73a30a",
    "data": [
      {
        "text": "💜",
        "userDefined": false
      }
    ],
    "isTemplate": false,
    "count": 0,
    "updated": 0
  },
  {
    "id": "521a90ad-a001-41f8-8e5f-bcb5b29e57b6",
    "data": [
      {
        "text": "💔",
        "userDefined": false
      }
    ],
    "isTemplate": false,
    "count": 0,
    "updated": 0
  },
  {
    "id": "27a53450-eb6f-4d1d-a304-904881686183",
    "data": [
      {
        "text": "❣",
        "userDefined": false
      }
    ],
    "isTemplate": false,
    "count": 0,
    "updated": 0
  },
  {
    "id": "97feaa31-e8b1-4eb6-96ad-f99696813e4b",
    "data": [
      {
        "text": "💕",
        "userDefined": false
      }
    ],
    "isTemplate": false,
    "count": 0,
    "updated": 0
  },
  {
    "id": "278d85f8-aaea-4f55-9ae2-16f022aec0f4",
    "data": [
      {
        "text": "💞",
        "userDefined": false
      }
    ],
    "isTemplate": false,
    "count": 0,
    "updated": 0
  },
  {
    "id": "c4037981-3039-41c4-ac98-5cd146603adf",
    "data": [
      {
        "text": "💓",
        "userDefined": false
      }
    ],
    "isTemplate": false,
    "count": 0,
    "updated": 0
  },
  {
    "id": "5ecc8fd5-40b9-4c5a-8487-84728ac330f1",
    "data": [
      {
        "text": "💗",
        "userDefined": false
      }
    ],
    "isTemplate": false,
    "count": 0,
    "updated": 0
  },
  {
    "id": "c94bbcdb-2937-4f4d-b8c5-748d82fc877d",
    "data": [
      {
        "text": "💖",
        "userDefined": false
      }
    ],
    "isTemplate": false,
    "count": 0,
    "updated": 0
  },
  {
    "id": "621f8480-0d6b-496b-85bb-153331f8f669",
    "data": [
      {
        "text": "💘",
        "userDefined": false
      }
    ],
    "isTemplate": false,
    "count": 0,
    "updated": 0
  },
  {
    "id": "3e1cb9ee-d5a6-4136-bc89-24e988a6d12d",
    "data": [
      {
        "text": "💝",
        "userDefined": false
      }
    ],
    "isTemplate": false,
    "count": 0,
    "updated": 0
  },
  {
    "id": "b8ad7584-413b-4bb9-be99-62e0115f9d4e",
    "data": [
      {
        "text": "💟",
        "userDefined": false
      }
    ],
    "isTemplate": false,
    "count": 0,
    "updated": 0
  },
  {
    "id": "47a479c9-1ad2-433e-8e21-1c932a3690ef",
    "data": [
      {
        "text": "☮",
        "userDefined": false
      }
    ],
    "isTemplate": false,
    "count": 0,
    "updated": 0
  },
  {
    "id": "abff8483-52b4-456f-905b-f23bb1651185",
    "data": [
      {
        "text": "✝",
        "userDefined": false
      }
    ],
    "isTemplate": false,
    "count": 0,
    "updated": 0
  },
  {
    "id": "bc21a7c7-a067-481b-9702-d59306b8f1e2",
    "data": [
      {
        "text": "☪",
        "userDefined": false
      }
    ],
    "isTemplate": false,
    "count": 0,
    "updated": 0
  },
  {
    "id": "3354c6b2-3483-476e-847f-9f038bc086e9",
    "data": [
      {
        "text": "🕉",
        "userDefined": false
      }
    ],
    "isTemplate": false,
    "count": 0,
    "updated": 0
  },
  {
    "id": "d6279357-1361-424c-b5c0-ed03fb850311",
    "data": [
      {
        "text": "☸",
        "userDefined": false
      }
    ],
    "isTemplate": false,
    "count": 0,
    "updated": 0
  },
  {
    "id": "b53fe6ce-6f17-4e58-a9c9-723890cf909d",
    "data": [
      {
        "text": "✡",
        "userDefined": false
      }
    ],
    "isTemplate": false,
    "count": 0,
    "updated": 0
  },
  {
    "id": "a9a557dc-db2e-4af2-b4f0-18b05094ba99",
    "data": [
      {
        "text": "🔯",
        "userDefined": false
      }
    ],
    "isTemplate": false,
    "count": 0,
    "updated": 0
  },
  {
    "id": "4fd66a6f-f51f-4963-ae74-170f0c95c24a",
    "data": [
      {
        "text": "🕎",
        "userDefined": false
      }
    ],
    "isTemplate": false,
    "count": 0,
    "updated": 0
  },
  {
    "id": "bf1a02f6-d3c3-44dd-b565-06d7c4d7bf1b",
    "data": [
      {
        "text": "☯",
        "userDefined": false
      }
    ],
    "isTemplate": false,
    "count": 0,
    "updated": 0
  },
  {
    "id": "5e23ecc2-26e4-4575-89a3-5a3cf7ea42c6",
    "data": [
      {
        "text": "☦",
        "userDefined": false
      }
    ],
    "isTemplate": false,
    "count": 0,
    "updated": 0
  },
  {
    "id": "4fe60808-0c7d-4fbe-a86c-140282395c4d",
    "data": [
      {
        "text": "🛐",
        "userDefined": false
      }
    ],
    "isTemplate": false,
    "count": 0,
    "updated": 0
  },
  {
    "id": "8050010f-9796-4a3d-9468-2e527023936a",
    "data": [
      {
        "text": "⛎",
        "userDefined": false
      }
    ],
    "isTemplate": false,
    "count": 0,
    "updated": 0
  },
  {
    "id": "9cc5e231-825e-413d-955f-d01dafb8cd5e",
    "data": [
      {
        "text": "♈",
        "userDefined": false
      }
    ],
    "isTemplate": false,
    "count": 0,
    "updated": 0
  },
  {
    "id": "805ecedc-a6c7-4b4f-8048-41d1d2e1e2c6",
    "data": [
      {
        "text": "♉",
        "userDefined": false
      }
    ],
    "isTemplate": false,
    "count": 0,
    "updated": 0
  },
  {
    "id": "19333672-fa8d-4e7e-aaaa-5a0ee2c402da",
    "data": [
      {
        "text": "♊",
        "userDefined": false
      }
    ],
    "isTemplate": false,
    "count": 0,
    "updated": 0
  },
  {
    "id": "f1062e2f-1c3b-4fc5-9747-a2acc696cffa",
    "data": [
      {
        "text": "♋",
        "userDefined": false
      }
    ],
    "isTemplate": false,
    "count": 0,
    "updated": 0
  },
  {
    "id": "4406c058-0d9c-4c0c-852a-bf85111eed3d",
    "data": [
      {
        "text": "♌",
        "userDefined": false
      }
    ],
    "isTemplate": false,
    "count": 0,
    "updated": 0
  },
  {
    "id": "b511c68a-2747-442f-b403-da98fa1e8c9c",
    "data": [
      {
        "text": "♍",
        "userDefined": false
      }
    ],
    "isTemplate": false,
    "count": 0,
    "updated": 0
  },
  {
    "id": "9b590c01-ab11-461b-961a-2976c7cddca1",
    "data": [
      {
        "text": "♎",
        "userDefined": false
      }
    ],
    "isTemplate": false,
    "count": 0,
    "updated": 0
  },
  {
    "id": "68340bc5-2fa5-400b-88d4-2e3ab497f083",
    "data": [
      {
        "text": "♏",
        "userDefined": false
      }
    ],
    "isTemplate": false,
    "count": 0,
    "updated": 0
  },
  {
    "id": "79451eb6-ccb7-45b7-8fb7-afc49772e536",
    "data": [
      {
        "text": "♐",
        "userDefined": false
      }
    ],
    "isTemplate": false,
    "count": 0,
    "updated": 0
  },
  {
    "id": "72861ec7-2ac2-48f7-b398-f98818ce3edd",
    "data": [
      {
        "text": "♑",
        "userDefined": false
      }
    ],
    "isTemplate": false,
    "count": 0,
    "updated": 0
  },
  {
    "id": "f0573743-6a5d-4a7b-949c-8c458ae10a63",
    "data": [
      {
        "text": "♒",
        "userDefined": false
      }
    ],
    "isTemplate": false,
    "count": 0,
    "updated": 0
  },
  {
    "id": "0ba3e1c6-6f77-42ff-8ae2-2466362c9e03",
    "data": [
      {
        "text": "♓",
        "userDefined": false
      }
    ],
    "isTemplate": false,
    "count": 0,
    "updated": 0
  },
  {
    "id": "c5a574a4-78d4-400e-a8ed-cbd47bcd9d15",
    "data": [
      {
        "text": "🆔",
        "userDefined": false
      }
    ],
    "isTemplate": false,
    "count": 0,
    "updated": 0
  },
  {
    "id": "0bb60588-b2f1-46bf-ac34-dbdb2cf18820",
    "data": [
      {
        "text": "⚛",
        "userDefined": false
      }
    ],
    "isTemplate": false,
    "count": 0,
    "updated": 0
  },
  {
    "id": "f9432e3b-fdd2-48b2-9855-7e70d1c5d3bc",
    "data": [
      {
        "text": "🈳",
        "userDefined": false
      }
    ],
    "isTemplate": false,
    "count": 0,
    "updated": 0
  },
  {
    "id": "086f41e6-a070-411f-a575-f806d2bf69f2",
    "data": [
      {
        "text": "🈹",
        "userDefined": false
      }
    ],
    "isTemplate": false,
    "count": 0,
    "updated": 0
  },
  {
    "id": "06e12a47-e427-484f-b1a2-ca2d45fa5734",
    "data": [
      {
        "text": "☢",
        "userDefined": false
      }
    ],
    "isTemplate": false,
    "count": 0,
    "updated": 0
  },
  {
    "id": "527f2f57-644d-4172-94f4-557f280b8491",
    "data": [
      {
        "text": "☣",
        "userDefined": false
      }
    ],
    "isTemplate": false,
    "count": 0,
    "updated": 0
  },
  {
    "id": "f9641919-f3c1-4d4e-b17e-54ea4f1fa389",
    "data": [
      {
        "text": "📴",
        "userDefined": false
      }
    ],
    "isTemplate": false,
    "count": 0,
    "updated": 0
  },
  {
    "id": "7c699875-8825-483b-aa42-7ee801118068",
    "data": [
      {
        "text": "📳",
        "userDefined": false
      }
    ],
    "isTemplate": false,
    "count": 0,
    "updated": 0
  },
  {
    "id": "e435cd0b-8357-476f-8273-52147d43ef59",
    "data": [
      {
        "text": "🈶",
        "userDefined": false
      }
    ],
    "isTemplate": false,
    "count": 0,
    "updated": 0
  },
  {
    "id": "4b4ba0bc-52d7-4b81-8c19-d057013dfec6",
    "data": [
      {
        "text": "🈚",
        "userDefined": false
      }
    ],
    "isTemplate": false,
    "count": 0,
    "updated": 0
  },
  {
    "id": "2c7e17fa-4a24-48e5-a578-b9cc35ccd950",
    "data": [
      {
        "text": "🈸",
        "userDefined": false
      }
    ],
    "isTemplate": false,
    "count": 0,
    "updated": 0
  },
  {
    "id": "737a5288-5229-49df-a664-3eee94314f4b",
    "data": [
      {
        "text": "🈺",
        "userDefined": false
      }
    ],
    "isTemplate": false,
    "count": 0,
    "updated": 0
  },
  {
    "id": "34735a11-0c1b-4aa9-9d3a-23bfc8009bd1",
    "data": [
      {
        "text": "🈷",
        "userDefined": false
      }
    ],
    "isTemplate": false,
    "count": 0,
    "updated": 0
  },
  {
    "id": "09bf721b-fe31-4679-9a45-05e0e721d380",
    "data": [
      {
        "text": "✴",
        "userDefined": false
      }
    ],
    "isTemplate": false,
    "count": 0,
    "updated": 0
  },
  {
    "id": "6dc0738b-175f-485d-b6cc-b8dabc8ec643",
    "data": [
      {
        "text": "🆚",
        "userDefined": false
      }
    ],
    "isTemplate": false,
    "count": 0,
    "updated": 0
  },
  {
    "id": "29a6f614-a02c-4245-80b1-0da66dedee05",
    "data": [
      {
        "text": "🉑",
        "userDefined": false
      }
    ],
    "isTemplate": false,
    "count": 0,
    "updated": 0
  },
  {
    "id": "f20fd09e-247b-4275-987f-4f1666c28d7a",
    "data": [
      {
        "text": "💮",
        "userDefined": false
      }
    ],
    "isTemplate": false,
    "count": 0,
    "updated": 0
  },
  {
    "id": "a387d296-9e5a-48f3-964b-29403b4f8185",
    "data": [
      {
        "text": "🉐",
        "userDefined": false
      }
    ],
    "isTemplate": false,
    "count": 0,
    "updated": 0
  },
  {
    "id": "64e8da13-6ca1-4ffc-9460-3977aae83954",
    "data": [
      {
        "text": "㊙",
        "userDefined": false
      }
    ],
    "isTemplate": false,
    "count": 0,
    "updated": 0
  },
  {
    "id": "9ba0f344-5e89-426e-bfa6-1d7e97f2722d",
    "data": [
      {
        "text": "㊗",
        "userDefined": false
      }
    ],
    "isTemplate": false,
    "count": 0,
    "updated": 0
  },
  {
    "id": "6d228a0e-da89-4d31-9f63-6df194d1e069",
    "data": [
      {
        "text": "🈴",
        "userDefined": false
      }
    ],
    "isTemplate": false,
    "count": 0,
    "updated": 0
  },
  {
    "id": "25a60b9f-59c8-44fa-b2b0-6408bf525655",
    "data": [
      {
        "text": "🈵",
        "userDefined": false
      }
    ],
    "isTemplate": false,
    "count": 0,
    "updated": 0
  },
  {
    "id": "0e3c4532-c687-47b2-ad9b-64f68e4d1117",
    "data": [
      {
        "text": "🈲",
        "userDefined": false
      }
    ],
    "isTemplate": false,
    "count": 0,
    "updated": 0
  },
  {
    "id": "aed0f649-67ce-4ef0-9ce2-ef2938b82223",
    "data": [
      {
        "text": "🅰",
        "userDefined": false
      }
    ],
    "isTemplate": false,
    "count": 0,
    "updated": 0
  },
  {
    "id": "44af5a65-6eaf-4b8d-b878-88acd7ac37f8",
    "data": [
      {
        "text": "🅱",
        "userDefined": false
      }
    ],
    "isTemplate": false,
    "count": 0,
    "updated": 0
  },
  {
    "id": "b271f743-1a80-45c6-8bf3-6deec18ed4ee",
    "data": [
      {
        "text": "🆎",
        "userDefined": false
      }
    ],
    "isTemplate": false,
    "count": 0,
    "updated": 0
  },
  {
    "id": "c6381bbc-8cc4-4119-8f33-cd3f1cb2e833",
    "data": [
      {
        "text": "🆑",
        "userDefined": false
      }
    ],
    "isTemplate": false,
    "count": 0,
    "updated": 0
  },
  {
    "id": "b863a582-5ad0-4181-96f4-74ae212f4661",
    "data": [
      {
        "text": "🅾",
        "userDefined": false
      }
    ],
    "isTemplate": false,
    "count": 0,
    "updated": 0
  },
  {
    "id": "5a42ba13-ca46-4e69-952d-bc9bb66e9d7c",
    "data": [
      {
        "text": "🆘",
        "userDefined": false
      }
    ],
    "isTemplate": false,
    "count": 0,
    "updated": 0
  },
  {
    "id": "2dfee7be-9861-4ab8-a514-14083b97c2de",
    "data": [
      {
        "text": "⛔",
        "userDefined": false
      }
    ],
    "isTemplate": false,
    "count": 0,
    "updated": 0
  },
  {
    "id": "bfabd7cf-b720-409c-9bcc-af1b6911173d",
    "data": [
      {
        "text": "📛",
        "userDefined": false
      }
    ],
    "isTemplate": false,
    "count": 0,
    "updated": 0
  },
  {
    "id": "e0e6b1ac-b80d-4c98-b447-3330f8c42b0e",
    "data": [
      {
        "text": "🚫",
        "userDefined": false
      }
    ],
    "isTemplate": false,
    "count": 0,
    "updated": 0
  },
  {
    "id": "0c39a9c2-7c6b-4a97-a639-06a4475bd8b1",
    "data": [
      {
        "text": "❌",
        "userDefined": false
      }
    ],
    "isTemplate": false,
    "count": 0,
    "updated": 0
  },
  {
    "id": "57a9ab98-14a6-4192-a08d-0a679c604125",
    "data": [
      {
        "text": "⭕",
        "userDefined": false
      }
    ],
    "isTemplate": false,
    "count": 0,
    "updated": 0
  },
  {
    "id": "7a309beb-4351-4072-af11-bfe02c6197af",
    "data": [
      {
        "text": "💢",
        "userDefined": false
      }
    ],
    "isTemplate": false,
    "count": 0,
    "updated": 0
  },
  {
    "id": "0007b448-b9b4-4b49-b6b3-353dd7172370",
    "data": [
      {
        "text": "♨",
        "userDefined": false
      }
    ],
    "isTemplate": false,
    "count": 0,
    "updated": 0
  },
  {
    "id": "72cb457b-6d1a-4789-8c6d-2c96ef85bee9",
    "data": [
      {
        "text": "🚷",
        "userDefined": false
      }
    ],
    "isTemplate": false,
    "count": 0,
    "updated": 0
  },
  {
    "id": "25150bfd-67ed-4197-8483-71fe635ac6cc",
    "data": [
      {
        "text": "🚯",
        "userDefined": false
      }
    ],
    "isTemplate": false,
    "count": 0,
    "updated": 0
  },
  {
    "id": "73fc6fc0-1675-4dfd-adf4-dc20185fdf06",
    "data": [
      {
        "text": "🚳",
        "userDefined": false
      }
    ],
    "isTemplate": false,
    "count": 0,
    "updated": 0
  },
  {
    "id": "572a9ceb-85f8-4560-8f30-9b0ebdf9af4e",
    "data": [
      {
        "text": "🚱",
        "userDefined": false
      }
    ],
    "isTemplate": false,
    "count": 0,
    "updated": 0
  },
  {
    "id": "82c2c2e3-6f1c-4249-a8c0-93d57e73c480",
    "data": [
      {
        "text": "🔞",
        "userDefined": false
      }
    ],
    "isTemplate": false,
    "count": 0,
    "updated": 0
  },
  {
    "id": "a9587244-57b1-4ed7-bd5d-a2d31155e76d",
    "data": [
      {
        "text": "📵",
        "userDefined": false
      }
    ],
    "isTemplate": false,
    "count": 0,
    "updated": 0
  },
  {
    "id": "d20a49ba-2420-45c7-bf30-e612ff16547f",
    "data": [
      {
        "text": "❗",
        "userDefined": false
      }
    ],
    "isTemplate": false,
    "count": 0,
    "updated": 0
  },
  {
    "id": "943ce47f-5f3b-41fc-a358-3cf1d5b7b400",
    "data": [
      {
        "text": "❕",
        "userDefined": false
      }
    ],
    "isTemplate": false,
    "count": 0,
    "updated": 0
  },
  {
    "id": "88c49f24-7d10-4883-bc6c-6f228f959836",
    "data": [
      {
        "text": "❓",
        "userDefined": false
      }
    ],
    "isTemplate": false,
    "count": 0,
    "updated": 0
  },
  {
    "id": "387e57a4-d108-4117-85e6-ce725022e621",
    "data": [
      {
        "text": "❔",
        "userDefined": false
      }
    ],
    "isTemplate": false,
    "count": 0,
    "updated": 0
  },
  {
    "id": "5cd514eb-c6f6-4ad9-8016-237ec38ec70b",
    "data": [
      {
        "text": "‼",
        "userDefined": false
      }
    ],
    "isTemplate": false,
    "count": 0,
    "updated": 0
  },
  {
    "id": "0c3889e9-11a2-42f7-ab21-3c7021cd1f46",
    "data": [
      {
        "text": "⁉",
        "userDefined": false
      }
    ],
    "isTemplate": false,
    "count": 0,
    "updated": 0
  },
  {
    "id": "9344bdf6-51b0-477c-94fb-eee1c6b507f3",
    "data": [
      {
        "text": "💯",
        "userDefined": false
      }
    ],
    "isTemplate": false,
    "count": 0,
    "updated": 0
  },
  {
    "id": "152e6256-f995-4f46-aca1-c0e8f7af1be7",
    "data": [
      {
        "text": "🔅",
        "userDefined": false
      }
    ],
    "isTemplate": false,
    "count": 0,
    "updated": 0
  },
  {
    "id": "248f97d4-1f00-458a-909a-f4f088c593bd",
    "data": [
      {
        "text": "🔆",
        "userDefined": false
      }
    ],
    "isTemplate": false,
    "count": 0,
    "updated": 0
  },
  {
    "id": "04c9ca80-fb56-4e9e-a110-89a85161e3aa",
    "data": [
      {
        "text": "🔱",
        "userDefined": false
      }
    ],
    "isTemplate": false,
    "count": 0,
    "updated": 0
  },
  {
    "id": "54c97028-f662-4975-b63a-3566b5c7bb7a",
    "data": [
      {
        "text": "⚜",
        "userDefined": false
      }
    ],
    "isTemplate": false,
    "count": 0,
    "updated": 0
  },
  {
    "id": "5cb1f7c9-8532-4913-8d50-c590057808a8",
    "data": [
      {
        "text": "〽",
        "userDefined": false
      }
    ],
    "isTemplate": false,
    "count": 0,
    "updated": 0
  },
  {
    "id": "8e50571a-f34e-4b5b-828d-753b7619a026",
    "data": [
      {
        "text": "⚠",
        "userDefined": false
      }
    ],
    "isTemplate": false,
    "count": 0,
    "updated": 0
  },
  {
    "id": "fbc7bf18-d98d-4e87-9abb-64eeee4e3d0e",
    "data": [
      {
        "text": "🚸",
        "userDefined": false
      }
    ],
    "isTemplate": false,
    "count": 0,
    "updated": 0
  },
  {
    "id": "b7e13756-c0a9-4a60-a86d-6b763a1b4b20",
    "data": [
      {
        "text": "🔰",
        "userDefined": false
      }
    ],
    "isTemplate": false,
    "count": 0,
    "updated": 0
  },
  {
    "id": "3dc88d55-0ace-43aa-b11d-0e071af4cc79",
    "data": [
      {
        "text": "♻",
        "userDefined": false
      }
    ],
    "isTemplate": false,
    "count": 0,
    "updated": 0
  },
  {
    "id": "4e283eb4-5a8a-4cc7-b901-186b7e7414e8",
    "data": [
      {
        "text": "🈯",
        "userDefined": false
      }
    ],
    "isTemplate": false,
    "count": 0,
    "updated": 0
  },
  {
    "id": "17f88123-3548-48f7-9af1-6af31bb8c66a",
    "data": [
      {
        "text": "💹",
        "userDefined": false
      }
    ],
    "isTemplate": false,
    "count": 0,
    "updated": 0
  },
  {
    "id": "366179b4-32af-4f05-95e9-22c3e29d779b",
    "data": [
      {
        "text": "❇",
        "userDefined": false
      }
    ],
    "isTemplate": false,
    "count": 0,
    "updated": 0
  },
  {
    "id": "4a20094f-a86d-440a-a15c-adb82033b579",
    "data": [
      {
        "text": "✳",
        "userDefined": false
      }
    ],
    "isTemplate": false,
    "count": 0,
    "updated": 0
  },
  {
    "id": "79b7dbc7-1c29-40c8-a9ee-01b31458a847",
    "data": [
      {
        "text": "❎",
        "userDefined": false
      }
    ],
    "isTemplate": false,
    "count": 0,
    "updated": 0
  },
  {
    "id": "15e9ddfb-76df-472f-9c09-4778e1c30d58",
    "data": [
      {
        "text": "✅",
        "userDefined": false
      }
    ],
    "isTemplate": false,
    "count": 0,
    "updated": 0
  },
  {
    "id": "4b3f2a2e-b7cf-42f0-a879-a329e7a69b9b",
    "data": [
      {
        "text": "💠",
        "userDefined": false
      }
    ],
    "isTemplate": false,
    "count": 0,
    "updated": 0
  },
  {
    "id": "10c7ea46-637e-4c60-b507-fe445eae8033",
    "data": [
      {
        "text": "🌀",
        "userDefined": false
      }
    ],
    "isTemplate": false,
    "count": 0,
    "updated": 0
  },
  {
    "id": "e93a57b7-40d4-4c1f-a7d6-64dec8ecc2c3",
    "data": [
      {
        "text": "➿",
        "userDefined": false
      }
    ],
    "isTemplate": false,
    "count": 0,
    "updated": 0
  },
  {
    "id": "c9f348b9-966f-4a16-8162-1dbfac804ca4",
    "data": [
      {
        "text": "🌐",
        "userDefined": false
      }
    ],
    "isTemplate": false,
    "count": 0,
    "updated": 0
  },
  {
    "id": "bfd00307-4442-447d-a964-9900ac0770fb",
    "data": [
      {
        "text": "ⓜ",
        "userDefined": false
      }
    ],
    "isTemplate": false,
    "count": 0,
    "updated": 0
  },
  {
    "id": "2675efd8-3f75-4cba-8140-716a72871ec3",
    "data": [
      {
        "text": "🏧",
        "userDefined": false
      }
    ],
    "isTemplate": false,
    "count": 0,
    "updated": 0
  },
  {
    "id": "52650572-d8e6-46e7-9c98-efaa8cd3b17f",
    "data": [
      {
        "text": "🈂",
        "userDefined": false
      }
    ],
    "isTemplate": false,
    "count": 0,
    "updated": 0
  },
  {
    "id": "14e9dc14-abd7-48bf-8c98-52d9a1c28c66",
    "data": [
      {
        "text": "🛂",
        "userDefined": false
      }
    ],
    "isTemplate": false,
    "count": 0,
    "updated": 0
  },
  {
    "id": "95334885-f131-4f09-9247-8972f64f5945",
    "data": [
      {
        "text": "🛃",
        "userDefined": false
      }
    ],
    "isTemplate": false,
    "count": 0,
    "updated": 0
  },
  {
    "id": "9b53c23f-9248-4a83-bd35-524f89968d87",
    "data": [
      {
        "text": "🛄",
        "userDefined": false
      }
    ],
    "isTemplate": false,
    "count": 0,
    "updated": 0
  },
  {
    "id": "efc04615-1177-44cd-935b-03f6f633eeda",
    "data": [
      {
        "text": "🛅",
        "userDefined": false
      }
    ],
    "isTemplate": false,
    "count": 0,
    "updated": 0
  },
  {
    "id": "e57d3d3f-0819-4321-adc5-f9aa1fb6aacc",
    "data": [
      {
        "text": "♿",
        "userDefined": false
      }
    ],
    "isTemplate": false,
    "count": 0,
    "updated": 0
  },
  {
    "id": "8e6d9862-600a-40a5-a8f0-7cfa33765710",
    "data": [
      {
        "text": "🚭",
        "userDefined": false
      }
    ],
    "isTemplate": false,
    "count": 0,
    "updated": 0
  },
  {
    "id": "b8e6e125-2cc7-407f-9655-c5b7e8ded60b",
    "data": [
      {
        "text": "🚾",
        "userDefined": false
      }
    ],
    "isTemplate": false,
    "count": 0,
    "updated": 0
  },
  {
    "id": "f882ea98-6630-4827-877d-311c3d694486",
    "data": [
      {
        "text": "🅿",
        "userDefined": false
      }
    ],
    "isTemplate": false,
    "count": 0,
    "updated": 0
  },
  {
    "id": "098265fa-8d91-4efa-8ef4-fe203dc94fb6",
    "data": [
      {
        "text": "🚰",
        "userDefined": false
      }
    ],
    "isTemplate": false,
    "count": 0,
    "updated": 0
  },
  {
    "id": "ce9df6ba-da16-40c0-9a9b-13b0617393c0",
    "data": [
      {
        "text": "🚹",
        "userDefined": false
      }
    ],
    "isTemplate": false,
    "count": 0,
    "updated": 0
  },
  {
    "id": "61595e4b-971c-492e-9d60-8a243bbd6343",
    "data": [
      {
        "text": "🚺",
        "userDefined": false
      }
    ],
    "isTemplate": false,
    "count": 0,
    "updated": 0
  },
  {
    "id": "e9bfb6de-da1f-4c26-b6fd-d9e391b483ef",
    "data": [
      {
        "text": "🚼",
        "userDefined": false
      }
    ],
    "isTemplate": false,
    "count": 0,
    "updated": 0
  },
  {
    "id": "00dc6e71-d032-4805-a241-d298738daecc",
    "data": [
      {
        "text": "🚻",
        "userDefined": false
      }
    ],
    "isTemplate": false,
    "count": 0,
    "updated": 0
  },
  {
    "id": "cc91a4b0-2438-46fd-b48c-4a78bc0d83b5",
    "data": [
      {
        "text": "🚮",
        "userDefined": false
      }
    ],
    "isTemplate": false,
    "count": 0,
    "updated": 0
  },
  {
    "id": "f9ad6ccc-b435-42b2-8754-e5f5730193de",
    "data": [
      {
        "text": "🎦",
        "userDefined": false
      }
    ],
    "isTemplate": false,
    "count": 0,
    "updated": 0
  },
  {
    "id": "527e1b09-c23a-4f13-a98e-a56bea4667c1",
    "data": [
      {
        "text": "📶",
        "userDefined": false
      }
    ],
    "isTemplate": false,
    "count": 0,
    "updated": 0
  },
  {
    "id": "69004d45-4e3c-45ca-91df-14e90e1dd7d2",
    "data": [
      {
        "text": "🈁",
        "userDefined": false
      }
    ],
    "isTemplate": false,
    "count": 0,
    "updated": 0
  },
  {
    "id": "a70f1eaf-d14a-4792-b65b-90c33e600860",
    "data": [
      {
        "text": "🆖",
        "userDefined": false
      }
    ],
    "isTemplate": false,
    "count": 0,
    "updated": 0
  },
  {
    "id": "0b135c95-b2c9-4ec9-b8d1-09104329af81",
    "data": [
      {
        "text": "🆗",
        "userDefined": false
      }
    ],
    "isTemplate": false,
    "count": 0,
    "updated": 0
  },
  {
    "id": "95e38ff2-31e8-4d45-9364-f3e5ef02a49b",
    "data": [
      {
        "text": "🆙",
        "userDefined": false
      }
    ],
    "isTemplate": false,
    "count": 0,
    "updated": 0
  },
  {
    "id": "25913192-e201-4fa9-816d-4e0243ac0443",
    "data": [
      {
        "text": "🆒",
        "userDefined": false
      }
    ],
    "isTemplate": false,
    "count": 0,
    "updated": 0
  },
  {
    "id": "8fa0c42d-b39a-4bcd-b6ed-971dded69499",
    "data": [
      {
        "text": "🆕",
        "userDefined": false
      }
    ],
    "isTemplate": false,
    "count": 0,
    "updated": 0
  },
  {
    "id": "618102cf-ac59-4dac-99f7-9aa6f9372c27",
    "data": [
      {
        "text": "🆓",
        "userDefined": false
      }
    ],
    "isTemplate": false,
    "count": 0,
    "updated": 0
  },
  {
    "id": "cab834e2-21f2-40d5-9eee-b4e4ee42b7c9",
    "data": [
      {
        "text": "0⃣",
        "userDefined": false
      }
    ],
    "isTemplate": false,
    "count": 0,
    "updated": 0
  },
  {
    "id": "4eea209b-1dd6-4c8e-bba4-b9864ac7cbd2",
    "data": [
      {
        "text": "1⃣",
        "userDefined": false
      }
    ],
    "isTemplate": false,
    "count": 0,
    "updated": 0
  },
  {
    "id": "531d895d-d7da-4a6d-8aff-fb72899c86a1",
    "data": [
      {
        "text": "2⃣",
        "userDefined": false
      }
    ],
    "isTemplate": false,
    "count": 0,
    "updated": 0
  },
  {
    "id": "6a195261-784f-4635-8843-da0bfe49be21",
    "data": [
      {
        "text": "3⃣",
        "userDefined": false
      }
    ],
    "isTemplate": false,
    "count": 0,
    "updated": 0
  },
  {
    "id": "bcd095b5-3be1-4d08-ad28-598f1d96da47",
    "data": [
      {
        "text": "4⃣",
        "userDefined": false
      }
    ],
    "isTemplate": false,
    "count": 0,
    "updated": 0
  },
  {
    "id": "77046ac9-bca5-453b-b498-e9b07ef6afda",
    "data": [
      {
        "text": "5⃣",
        "userDefined": false
      }
    ],
    "isTemplate": false,
    "count": 0,
    "updated": 0
  },
  {
    "id": "6b41c173-0066-4c26-b620-0c57c8fc04c2",
    "data": [
      {
        "text": "6⃣",
        "userDefined": false
      }
    ],
    "isTemplate": false,
    "count": 0,
    "updated": 0
  },
  {
    "id": "e7a11d31-84bf-4aa8-bcf5-07bf105da96f",
    "data": [
      {
        "text": "7⃣",
        "userDefined": false
      }
    ],
    "isTemplate": false,
    "count": 0,
    "updated": 0
  },
  {
    "id": "6229372c-b91b-46fb-9ed7-78fa67297370",
    "data": [
      {
        "text": "8⃣",
        "userDefined": false
      }
    ],
    "isTemplate": false,
    "count": 0,
    "updated": 0
  },
  {
    "id": "0384a57d-569e-4cd9-8de1-0e90b2dd2b47",
    "data": [
      {
        "text": "9⃣",
        "userDefined": false
      }
    ],
    "isTemplate": false,
    "count": 0,
    "updated": 0
  },
  {
    "id": "cc06f7ca-c09a-48b6-b51f-13f0b5529d5e",
    "data": [
      {
        "text": "🔟",
        "userDefined": false
      }
    ],
    "isTemplate": false,
    "count": 0,
    "updated": 0
  },
  {
    "id": "aa8bfb7b-31b0-4bce-96c2-591212614c5c",
    "data": [
      {
        "text": "🔢",
        "userDefined": false
      }
    ],
    "isTemplate": false,
    "count": 0,
    "updated": 0
  },
  {
    "id": "34bf914e-87d7-4c6e-8b74-3cb710d27146",
    "data": [
      {
        "text": "▶",
        "userDefined": false
      }
    ],
    "isTemplate": false,
    "count": 0,
    "updated": 0
  },
  {
    "id": "e06278c2-b3ee-4d53-9ea9-8322ca176ebe",
    "data": [
      {
        "text": "⏸",
        "userDefined": false
      }
    ],
    "isTemplate": false,
    "count": 0,
    "updated": 0
  },
  {
    "id": "f3d922ec-87ac-4813-a246-18c3b805ab80",
    "data": [
      {
        "text": "⏯",
        "userDefined": false
      }
    ],
    "isTemplate": false,
    "count": 0,
    "updated": 0
  },
  {
    "id": "40bf543d-de6b-4d13-a0ca-0aec7e52bdfd",
    "data": [
      {
        "text": "⏹",
        "userDefined": false
      }
    ],
    "isTemplate": false,
    "count": 0,
    "updated": 0
  },
  {
    "id": "acc70277-a010-41f2-83fd-403de63f4be2",
    "data": [
      {
        "text": "⏺",
        "userDefined": false
      }
    ],
    "isTemplate": false,
    "count": 0,
    "updated": 0
  },
  {
    "id": "06b5252e-cb29-45b6-a22f-c38b6f345062",
    "data": [
      {
        "text": "⏭",
        "userDefined": false
      }
    ],
    "isTemplate": false,
    "count": 0,
    "updated": 0
  },
  {
    "id": "003ddddf-1f2b-4863-8c28-a736be70f2f5",
    "data": [
      {
        "text": "⏮",
        "userDefined": false
      }
    ],
    "isTemplate": false,
    "count": 0,
    "updated": 0
  },
  {
    "id": "bbe5434e-8b55-4f1e-aa3f-3e406849e384",
    "data": [
      {
        "text": "⏩",
        "userDefined": false
      }
    ],
    "isTemplate": false,
    "count": 0,
    "updated": 0
  },
  {
    "id": "eaf1f030-1ded-4d70-96db-26263f7cbad5",
    "data": [
      {
        "text": "⏪",
        "userDefined": false
      }
    ],
    "isTemplate": false,
    "count": 0,
    "updated": 0
  },
  {
    "id": "a7ab6746-cefc-498d-a45c-ed4ccc7a7f0f",
    "data": [
      {
        "text": "🔀",
        "userDefined": false
      }
    ],
    "isTemplate": false,
    "count": 0,
    "updated": 0
  },
  {
    "id": "515c9c28-0e10-414f-8a81-fa4746c29da2",
    "data": [
      {
        "text": "🔁",
        "userDefined": false
      }
    ],
    "isTemplate": false,
    "count": 0,
    "updated": 0
  },
  {
    "id": "ae01694a-2cb1-4c7d-924f-dcc8c666052a",
    "data": [
      {
        "text": "🔂",
        "userDefined": false
      }
    ],
    "isTemplate": false,
    "count": 0,
    "updated": 0
  },
  {
    "id": "f72f0bef-130f-45ed-af3f-9dd7fa4d83c7",
    "data": [
      {
        "text": "◀",
        "userDefined": false
      }
    ],
    "isTemplate": false,
    "count": 0,
    "updated": 0
  },
  {
    "id": "bacf999e-2458-42c2-aad9-eb1951db6454",
    "data": [
      {
        "text": "🔼",
        "userDefined": false
      }
    ],
    "isTemplate": false,
    "count": 0,
    "updated": 0
  },
  {
    "id": "32c996b7-74ef-4f48-9346-1fa822bfcf17",
    "data": [
      {
        "text": "🔽",
        "userDefined": false
      }
    ],
    "isTemplate": false,
    "count": 0,
    "updated": 0
  },
  {
    "id": "aa1a32eb-2805-4370-952e-4857333bbb44",
    "data": [
      {
        "text": "⏫",
        "userDefined": false
      }
    ],
    "isTemplate": false,
    "count": 0,
    "updated": 0
  },
  {
    "id": "a806b84b-56e9-4dc7-8366-bce4d4f9cff5",
    "data": [
      {
        "text": "⏬",
        "userDefined": false
      }
    ],
    "isTemplate": false,
    "count": 0,
    "updated": 0
  },
  {
    "id": "3f7f268d-4e0a-44cd-8c39-8f06c47de9f8",
    "data": [
      {
        "text": "➡",
        "userDefined": false
      }
    ],
    "isTemplate": false,
    "count": 0,
    "updated": 0
  },
  {
    "id": "432d37df-8a96-404d-8b70-76f54c354bec",
    "data": [
      {
        "text": "⬅",
        "userDefined": false
      }
    ],
    "isTemplate": false,
    "count": 0,
    "updated": 0
  },
  {
    "id": "57dd8102-0bab-4ef6-8ae7-2de4ddc45b41",
    "data": [
      {
        "text": "⬆",
        "userDefined": false
      }
    ],
    "isTemplate": false,
    "count": 0,
    "updated": 0
  },
  {
    "id": "61689954-379e-417d-ba0a-7352f07002a4",
    "data": [
      {
        "text": "⬇",
        "userDefined": false
      }
    ],
    "isTemplate": false,
    "count": 0,
    "updated": 0
  },
  {
    "id": "fdb7040b-db51-4ef7-b045-97e80f70a77b",
    "data": [
      {
        "text": "↗",
        "userDefined": false
      }
    ],
    "isTemplate": false,
    "count": 0,
    "updated": 0
  },
  {
    "id": "022c6783-6dc1-4f77-8300-086125cfd8f8",
    "data": [
      {
        "text": "↘",
        "userDefined": false
      }
    ],
    "isTemplate": false,
    "count": 0,
    "updated": 0
  },
  {
    "id": "b498d6c6-42eb-440e-b235-bf72256ef457",
    "data": [
      {
        "text": "↙",
        "userDefined": false
      }
    ],
    "isTemplate": false,
    "count": 0,
    "updated": 0
  },
  {
    "id": "11c36a01-4d3f-488f-817e-063ea627d7d4",
    "data": [
      {
        "text": "↖",
        "userDefined": false
      }
    ],
    "isTemplate": false,
    "count": 0,
    "updated": 0
  },
  {
    "id": "243008ae-73dc-4763-8ca2-a5ee33b8851d",
    "data": [
      {
        "text": "↕",
        "userDefined": false
      }
    ],
    "isTemplate": false,
    "count": 0,
    "updated": 0
  },
  {
    "id": "d4b61409-47db-40f6-b2ad-3e4bb0b5db80",
    "data": [
      {
        "text": "↔",
        "userDefined": false
      }
    ],
    "isTemplate": false,
    "count": 0,
    "updated": 0
  },
  {
    "id": "cb252e74-11f3-4dcb-a824-a7b6a8cc108c",
    "data": [
      {
        "text": "🔄",
        "userDefined": false
      }
    ],
    "isTemplate": false,
    "count": 0,
    "updated": 0
  },
  {
    "id": "589b50d7-981e-42b7-9fac-387deadc3619",
    "data": [
      {
        "text": "↪",
        "userDefined": false
      }
    ],
    "isTemplate": false,
    "count": 0,
    "updated": 0
  },
  {
    "id": "67d409dd-5afb-420f-bc59-cb67b37331ad",
    "data": [
      {
        "text": "↩",
        "userDefined": false
      }
    ],
    "isTemplate": false,
    "count": 0,
    "updated": 0
  },
  {
    "id": "999ed5b5-d340-47ce-a78f-7dfc6b05fd12",
    "data": [
      {
        "text": "⤴",
        "userDefined": false
      }
    ],
    "isTemplate": false,
    "count": 0,
    "updated": 0
  },
  {
    "id": "2913fa0d-31a8-42e9-bb3a-d8a8e5b855c0",
    "data": [
      {
        "text": "⤵",
        "userDefined": false
      }
    ],
    "isTemplate": false,
    "count": 0,
    "updated": 0
  },
  {
    "id": "1e2e8ac3-cbac-46b8-9ce1-1f349029eed6",
    "data": [
      {
        "text": "*⃣",
        "userDefined": false
      }
    ],
    "isTemplate": false,
    "count": 0,
    "updated": 0
  },
  {
    "id": "8fbfb9a8-77d8-467b-b699-428e6c32647a",
    "data": [
      {
        "text": "ℹ",
        "userDefined": false
      }
    ],
    "isTemplate": false,
    "count": 0,
    "updated": 0
  },
  {
    "id": "3a733cb8-1731-4f12-9614-e569efed56f8",
    "data": [
      {
        "text": "🔤",
        "userDefined": false
      }
    ],
    "isTemplate": false,
    "count": 0,
    "updated": 0
  },
  {
    "id": "1cb2b3b0-10f4-44f9-a74b-1ac530c1f6ce",
    "data": [
      {
        "text": "🔡",
        "userDefined": false
      }
    ],
    "isTemplate": false,
    "count": 0,
    "updated": 0
  },
  {
    "id": "514351ae-c06f-4365-a4c6-81340772a9d1",
    "data": [
      {
        "text": "🔠",
        "userDefined": false
      }
    ],
    "isTemplate": false,
    "count": 0,
    "updated": 0
  },
  {
    "id": "360344f4-561c-43fc-9a7a-53c1a0cae608",
    "data": [
      {
        "text": "🔣",
        "userDefined": false
      }
    ],
    "isTemplate": false,
    "count": 0,
    "updated": 0
  },
  {
    "id": "f4e0222d-5b56-4afd-898b-1c1ea04fddb7",
    "data": [
      {
        "text": "🎵",
        "userDefined": false
      }
    ],
    "isTemplate": false,
    "count": 0,
    "updated": 0
  },
  {
    "id": "67d0feb7-f5d0-4fe4-ae3c-aed1026341c3",
    "data": [
      {
        "text": "🎶",
        "userDefined": false
      }
    ],
    "isTemplate": false,
    "count": 0,
    "updated": 0
  },
  {
    "id": "ab066abd-2b38-4e1d-a35d-76d3c56783f3",
    "data": [
      {
        "text": "〰",
        "userDefined": false
      }
    ],
    "isTemplate": false,
    "count": 0,
    "updated": 0
  },
  {
    "id": "8af9e16a-cfcb-444e-9962-862a346b6887",
    "data": [
      {
        "text": "➰",
        "userDefined": false
      }
    ],
    "isTemplate": false,
    "count": 0,
    "updated": 0
  },
  {
    "id": "58b2e600-f661-4244-af2f-779b86f91be8",
    "data": [
      {
        "text": "✔",
        "userDefined": false
      }
    ],
    "isTemplate": false,
    "count": 0,
    "updated": 0
  },
  {
    "id": "004419e3-7258-43ad-8a3e-537494ada4fa",
    "data": [
      {
        "text": "🔃",
        "userDefined": false
      }
    ],
    "isTemplate": false,
    "count": 0,
    "updated": 0
  },
  {
    "id": "21811c38-cd64-4b8a-a48b-8f16bd96fd67",
    "data": [
      {
        "text": "➕",
        "userDefined": false
      }
    ],
    "isTemplate": false,
    "count": 0,
    "updated": 0
  },
  {
    "id": "f66b0032-6673-4562-96cf-85c7c0341b32",
    "data": [
      {
        "text": "➖",
        "userDefined": false
      }
    ],
    "isTemplate": false,
    "count": 0,
    "updated": 0
  },
  {
    "id": "264ea19e-fe26-40fc-8e19-6ce80437093a",
    "data": [
      {
        "text": "➗",
        "userDefined": false
      }
    ],
    "isTemplate": false,
    "count": 0,
    "updated": 0
  },
  {
    "id": "18ed8fba-d3f1-4910-9e59-08e6bd82c6e7",
    "data": [
      {
        "text": "✖",
        "userDefined": false
      }
    ],
    "isTemplate": false,
    "count": 0,
    "updated": 0
  },
  {
    "id": "939a34ba-ace3-4917-831d-fc9cc65fc23e",
    "data": [
      {
        "text": "💲",
        "userDefined": false
      }
    ],
    "isTemplate": false,
    "count": 0,
    "updated": 0
  },
  {
    "id": "1074df2b-6ce9-414f-a721-a667fe3ecfea",
    "data": [
      {
        "text": "💱",
        "userDefined": false
      }
    ],
    "isTemplate": false,
    "count": 0,
    "updated": 0
  },
  {
    "id": "add2f188-a5b2-4187-b285-0734a8f3d946",
    "data": [
      {
        "text": "©",
        "userDefined": false
      }
    ],
    "isTemplate": false,
    "count": 0,
    "updated": 0
  },
  {
    "id": "ecf04f40-841e-4547-a101-a50cf8c491f9",
    "data": [
      {
        "text": "®",
        "userDefined": false
      }
    ],
    "isTemplate": false,
    "count": 0,
    "updated": 0
  },
  {
    "id": "985ef534-db27-4768-b32f-7f580c1e01c8",
    "data": [
      {
        "text": "™",
        "userDefined": false
      }
    ],
    "isTemplate": false,
    "count": 0,
    "updated": 0
  },
  {
    "id": "71c45df0-fbca-4e7e-9f27-ff61a840e1be",
    "data": [
      {
        "text": "🔚",
        "userDefined": false
      }
    ],
    "isTemplate": false,
    "count": 0,
    "updated": 0
  },
  {
    "id": "e410f1dd-ab12-46c3-9d89-c634145b45ca",
    "data": [
      {
        "text": "🔙",
        "userDefined": false
      }
    ],
    "isTemplate": false,
    "count": 0,
    "updated": 0
  },
  {
    "id": "fbbf5ff0-d7f1-47f1-a61d-3bbd7048f6ce",
    "data": [
      {
        "text": "🔛",
        "userDefined": false
      }
    ],
    "isTemplate": false,
    "count": 0,
    "updated": 0
  },
  {
    "id": "56dbe447-265a-4ce3-95cc-5b1647f42529",
    "data": [
      {
        "text": "🔝",
        "userDefined": false
      }
    ],
    "isTemplate": false,
    "count": 0,
    "updated": 0
  },
  {
    "id": "62b47d08-80c6-40fc-b3e8-68e14ee41b2b",
    "data": [
      {
        "text": "🔜",
        "userDefined": false
      }
    ],
    "isTemplate": false,
    "count": 0,
    "updated": 0
  },
  {
    "id": "6f2fbe05-5914-4f1b-933d-5b9669143b0d",
    "data": [
      {
        "text": "☑",
        "userDefined": false
      }
    ],
    "isTemplate": false,
    "count": 0,
    "updated": 0
  },
  {
    "id": "ca640c79-2c14-4a4a-a0cb-4821e018b692",
    "data": [
      {
        "text": "🔘",
        "userDefined": false
      }
    ],
    "isTemplate": false,
    "count": 0,
    "updated": 0
  },
  {
    "id": "22c3e0fc-d2e3-433b-b0ea-a358dfec522c",
    "data": [
      {
        "text": "⚪",
        "userDefined": false
      }
    ],
    "isTemplate": false,
    "count": 0,
    "updated": 0
  },
  {
    "id": "d3b2992b-0096-4ce4-b97b-a90333d675cd",
    "data": [
      {
        "text": "⚫",
        "userDefined": false
      }
    ],
    "isTemplate": false,
    "count": 0,
    "updated": 0
  },
  {
    "id": "e0fd6f99-6f49-4271-8e99-c3c6976aa5a0",
    "data": [
      {
        "text": "🔴",
        "userDefined": false
      }
    ],
    "isTemplate": false,
    "count": 0,
    "updated": 0
  },
  {
    "id": "e51a91a2-b47f-45d8-aa81-ac0d73687694",
    "data": [
      {
        "text": "🔵",
        "userDefined": false
      }
    ],
    "isTemplate": false,
    "count": 0,
    "updated": 0
  },
  {
    "id": "00ccea24-4d15-40da-97ec-b8f214692d30",
    "data": [
      {
        "text": "🔸",
        "userDefined": false
      }
    ],
    "isTemplate": false,
    "count": 0,
    "updated": 0
  },
  {
    "id": "2b07b025-5bde-4031-be99-ea56cb019630",
    "data": [
      {
        "text": "🔹",
        "userDefined": false
      }
    ],
    "isTemplate": false,
    "count": 0,
    "updated": 0
  },
  {
    "id": "2d478b71-ef56-4ee6-b37c-52e91b1a6d8a",
    "data": [
      {
        "text": "🔶",
        "userDefined": false
      }
    ],
    "isTemplate": false,
    "count": 0,
    "updated": 0
  },
  {
    "id": "44deece1-41a0-44fb-a2ee-60d589a59cce",
    "data": [
      {
        "text": "🔷",
        "userDefined": false
      }
    ],
    "isTemplate": false,
    "count": 0,
    "updated": 0
  },
  {
    "id": "6d691777-4ffc-49db-953c-1f3728f3f3ba",
    "data": [
      {
        "text": "🔺",
        "userDefined": false
      }
    ],
    "isTemplate": false,
    "count": 0,
    "updated": 0
  },
  {
    "id": "602802de-56f4-4a3e-a8fa-2ab97b37f282",
    "data": [
      {
        "text": "▪",
        "userDefined": false
      }
    ],
    "isTemplate": false,
    "count": 0,
    "updated": 0
  },
  {
    "id": "8298e4ec-7c32-48c4-b3ed-f373bba057ad",
    "data": [
      {
        "text": "▫",
        "userDefined": false
      }
    ],
    "isTemplate": false,
    "count": 0,
    "updated": 0
  },
  {
    "id": "0410d7b9-4357-4f49-8da2-924ce83ef7a8",
    "data": [
      {
        "text": "⬛",
        "userDefined": false
      }
    ],
    "isTemplate": false,
    "count": 0,
    "updated": 0
  },
  {
    "id": "92bbe790-b43b-45b0-8b8d-38717aa7b978",
    "data": [
      {
        "text": "⬜",
        "userDefined": false
      }
    ],
    "isTemplate": false,
    "count": 0,
    "updated": 0
  },
  {
    "id": "721c2379-d643-4a99-bbe1-e1be7e87b72b",
    "data": [
      {
        "text": "🔻",
        "userDefined": false
      }
    ],
    "isTemplate": false,
    "count": 0,
    "updated": 0
  },
  {
    "id": "e8a55275-5ab3-47d6-bbf2-2037e075ca06",
    "data": [
      {
        "text": "◼",
        "userDefined": false
      }
    ],
    "isTemplate": false,
    "count": 0,
    "updated": 0
  },
  {
    "id": "854e69c2-f7a8-4158-a000-0d4d1c9c1b14",
    "data": [
      {
        "text": "◻",
        "userDefined": false
      }
    ],
    "isTemplate": false,
    "count": 0,
    "updated": 0
  },
  {
    "id": "c4c8106f-eba8-4b0d-bf97-e304b66aa17a",
    "data": [
      {
        "text": "◾",
        "userDefined": false
      }
    ],
    "isTemplate": false,
    "count": 0,
    "updated": 0
  },
  {
    "id": "cc136414-eb36-402d-b4bd-575440a5270f",
    "data": [
      {
        "text": "◽",
        "userDefined": false
      }
    ],
    "isTemplate": false,
    "count": 0,
    "updated": 0
  },
  {
    "id": "8b712fdf-7fe0-4b9b-8823-694f3173e1aa",
    "data": [
      {
        "text": "🔲",
        "userDefined": false
      }
    ],
    "isTemplate": false,
    "count": 0,
    "updated": 0
  },
  {
    "id": "89d57b3a-94dd-40df-979f-e0ff8d2f0df0",
    "data": [
      {
        "text": "🔳",
        "userDefined": false
      }
    ],
    "isTemplate": false,
    "count": 0,
    "updated": 0
  },
  {
    "id": "d5ed6fad-0112-44f2-beeb-918dc407ef08",
    "data": [
      {
        "text": "🔈",
        "userDefined": false
      }
    ],
    "isTemplate": false,
    "count": 0,
    "updated": 0
  },
  {
    "id": "75f7b43b-5eca-40d3-acb7-e087d8090564",
    "data": [
      {
        "text": "🔉",
        "userDefined": false
      }
    ],
    "isTemplate": false,
    "count": 0,
    "updated": 0
  },
  {
    "id": "30b30b3a-9e04-4a06-beb4-c65a93755ca9",
    "data": [
      {
        "text": "🔊",
        "userDefined": false
      }
    ],
    "isTemplate": false,
    "count": 0,
    "updated": 0
  },
  {
    "id": "66d2aaec-86c5-454c-b744-01186c8bddf4",
    "data": [
      {
        "text": "🔇",
        "userDefined": false
      }
    ],
    "isTemplate": false,
    "count": 0,
    "updated": 0
  },
  {
    "id": "5a5d7550-9f74-4de7-9562-c58052137f0b",
    "data": [
      {
        "text": "📣",
        "userDefined": false
      }
    ],
    "isTemplate": false,
    "count": 0,
    "updated": 0
  },
  {
    "id": "058870bd-9be8-4197-b5bc-4c8979fc46e9",
    "data": [
      {
        "text": "📢",
        "userDefined": false
      }
    ],
    "isTemplate": false,
    "count": 0,
    "updated": 0
  },
  {
    "id": "4a53f4bc-f78b-4165-9bb8-33b89e65f714",
    "data": [
      {
        "text": "🔔",
        "userDefined": false
      }
    ],
    "isTemplate": false,
    "count": 0,
    "updated": 0
  },
  {
    "id": "6cb33009-45bd-40e7-8e33-2fc7fbc63271",
    "data": [
      {
        "text": "🔕",
        "userDefined": false
      }
    ],
    "isTemplate": false,
    "count": 0,
    "updated": 0
  },
  {
    "id": "5bd199ae-010f-473f-ba79-8667cc76e487",
    "data": [
      {
        "text": "🃏",
        "userDefined": false
      }
    ],
    "isTemplate": false,
    "count": 0,
    "updated": 0
  },
  {
    "id": "927b1a7a-daed-4198-93e8-97eeb02c315e",
    "data": [
      {
        "text": "🀄",
        "userDefined": false
      }
    ],
    "isTemplate": false,
    "count": 0,
    "updated": 0
  },
  {
    "id": "f24a264b-e627-4149-9a7d-ea4e84b7b9ca",
    "data": [
      {
        "text": "♠",
        "userDefined": false
      }
    ],
    "isTemplate": false,
    "count": 0,
    "updated": 0
  },
  {
    "id": "14fc4dc3-5cc5-4d01-9b9c-1edde4200825",
    "data": [
      {
        "text": "♣",
        "userDefined": false
      }
    ],
    "isTemplate": false,
    "count": 0,
    "updated": 0
  },
  {
    "id": "7f1529d7-16ee-4375-b86e-59fa6ad1262f",
    "data": [
      {
        "text": "♥",
        "userDefined": false
      }
    ],
    "isTemplate": false,
    "count": 0,
    "updated": 0
  },
  {
    "id": "fb74c5f6-90bc-41df-925a-150139e1072c",
    "data": [
      {
        "text": "♦",
        "userDefined": false
      }
    ],
    "isTemplate": false,
    "count": 0,
    "updated": 0
  },
  {
    "id": "d2a6a9ae-7e1c-4e19-b21c-0e9bef8fd2f1",
    "data": [
      {
        "text": "🎴",
        "userDefined": false
      }
    ],
    "isTemplate": false,
    "count": 0,
    "updated": 0
  },
  {
    "id": "a11d7136-4f41-42c1-9505-32bcab4dfc42",
    "data": [
      {
        "text": "👁‍🗨",
        "userDefined": false
      }
    ],
    "isTemplate": false,
    "count": 0,
    "updated": 0
  },
  {
    "id": "6e34c2b0-a1fc-45a5-baff-d082700946ce",
    "data": [
      {
        "text": "💭",
        "userDefined": false
      }
    ],
    "isTemplate": false,
    "count": 0,
    "updated": 0
  },
  {
    "id": "c17e1229-9f55-4983-958d-485c690c3569",
    "data": [
      {
        "text": "🗯",
        "userDefined": false
      }
    ],
    "isTemplate": false,
    "count": 0,
    "updated": 0
  },
  {
    "id": "2161c30c-43ee-40d8-b58e-e4b81f2e83dc",
    "data": [
      {
        "text": "💬",
        "userDefined": false
      }
    ],
    "isTemplate": false,
    "count": 0,
    "updated": 0
  },
  {
    "id": "6bb5216b-f947-464c-85c2-e66d82823158",
    "data": [
      {
        "text": "🕐",
        "userDefined": false
      }
    ],
    "isTemplate": false,
    "count": 0,
    "updated": 0
  },
  {
    "id": "0cb32990-e972-4cac-94cb-8f394ef10200",
    "data": [
      {
        "text": "🕑",
        "userDefined": false
      }
    ],
    "isTemplate": false,
    "count": 0,
    "updated": 0
  },
  {
    "id": "530b503d-a32c-4d4d-ae96-86bbb73b84fa",
    "data": [
      {
        "text": "🕒",
        "userDefined": false
      }
    ],
    "isTemplate": false,
    "count": 0,
    "updated": 0
  },
  {
    "id": "8134218a-9aa7-44bc-a108-7720ebdded44",
    "data": [
      {
        "text": "🕓",
        "userDefined": false
      }
    ],
    "isTemplate": false,
    "count": 0,
    "updated": 0
  },
  {
    "id": "6dcdad99-f548-4c75-8def-3f2158d06856",
    "data": [
      {
        "text": "🕔",
        "userDefined": false
      }
    ],
    "isTemplate": false,
    "count": 0,
    "updated": 0
  },
  {
    "id": "7d7e0e65-5e7b-43ba-9e4c-d89644a2f612",
    "data": [
      {
        "text": "🕕",
        "userDefined": false
      }
    ],
    "isTemplate": false,
    "count": 0,
    "updated": 0
  },
  {
    "id": "88b95f22-a010-4cdb-b349-dc9783319b81",
    "data": [
      {
        "text": "🕖",
        "userDefined": false
      }
    ],
    "isTemplate": false,
    "count": 0,
    "updated": 0
  },
  {
    "id": "9f45d32b-2262-463b-b506-1f40ff955a92",
    "data": [
      {
        "text": "🕗",
        "userDefined": false
      }
    ],
    "isTemplate": false,
    "count": 0,
    "updated": 0
  },
  {
    "id": "9fdb571b-33f9-484d-aa5b-6aebd50a99da",
    "data": [
      {
        "text": "🕘",
        "userDefined": false
      }
    ],
    "isTemplate": false,
    "count": 0,
    "updated": 0
  },
  {
    "id": "1fe9cd89-37f2-4d59-8bd2-c81cced511fa",
    "data": [
      {
        "text": "🕙",
        "userDefined": false
      }
    ],
    "isTemplate": false,
    "count": 0,
    "updated": 0
  },
  {
    "id": "7c59235a-5b0f-4e68-ab0a-88005edb1460",
    "data": [
      {
        "text": "🕚",
        "userDefined": false
      }
    ],
    "isTemplate": false,
    "count": 0,
    "updated": 0
  },
  {
    "id": "69269108-6818-4617-b525-50670af49578",
    "data": [
      {
        "text": "🕛",
        "userDefined": false
      }
    ],
    "isTemplate": false,
    "count": 0,
    "updated": 0
  },
  {
    "id": "54751180-72ea-4685-a39a-25a6a6d9e63a",
    "data": [
      {
        "text": "🕜",
        "userDefined": false
      }
    ],
    "isTemplate": false,
    "count": 0,
    "updated": 0
  },
  {
    "id": "d2db684d-8116-4c52-9094-c9504b8ceb89",
    "data": [
      {
        "text": "🕝",
        "userDefined": false
      }
    ],
    "isTemplate": false,
    "count": 0,
    "updated": 0
  },
  {
    "id": "a8f0732a-bde0-48df-a32c-0786d8325783",
    "data": [
      {
        "text": "🕞",
        "userDefined": false
      }
    ],
    "isTemplate": false,
    "count": 0,
    "updated": 0
  },
  {
    "id": "2909af3c-828a-41e9-b7f6-2e5c5605f75e",
    "data": [
      {
        "text": "🕟",
        "userDefined": false
      }
    ],
    "isTemplate": false,
    "count": 0,
    "updated": 0
  },
  {
    "id": "051b99ab-4069-47aa-94f1-85806f5a84f9",
    "data": [
      {
        "text": "🕠",
        "userDefined": false
      }
    ],
    "isTemplate": false,
    "count": 0,
    "updated": 0
  },
  {
    "id": "28441e51-b4d0-4f91-b670-8d8ded2e78cd",
    "data": [
      {
        "text": "🕡",
        "userDefined": false
      }
    ],
    "isTemplate": false,
    "count": 0,
    "updated": 0
  },
  {
    "id": "80f914ae-9d78-40e0-a32e-8bfb555f89e9",
    "data": [
      {
        "text": "🕢",
        "userDefined": false
      }
    ],
    "isTemplate": false,
    "count": 0,
    "updated": 0
  },
  {
    "id": "9b511e7b-8e7f-42cc-a5c8-cedc85fdc95c",
    "data": [
      {
        "text": "🕣",
        "userDefined": false
      }
    ],
    "isTemplate": false,
    "count": 0,
    "updated": 0
  },
  {
    "id": "64d8be83-4f6e-4c26-94ee-70de833210be",
    "data": [
      {
        "text": "🕤",
        "userDefined": false
      }
    ],
    "isTemplate": false,
    "count": 0,
    "updated": 0
  },
  {
    "id": "a1ea6be8-86e3-42b8-98f4-505eb04872e2",
    "data": [
      {
        "text": "🕥",
        "userDefined": false
      }
    ],
    "isTemplate": false,
    "count": 0,
    "updated": 0
  },
  {
    "id": "dd24547e-ba4b-47e0-b037-1e1af7ab8cf6",
    "data": [
      {
        "text": "🕦",
        "userDefined": false
      }
    ],
    "isTemplate": false,
    "count": 0,
    "updated": 0
  },
  {
    "id": "6071dec9-f964-4bc4-9ef9-9bf27e9cc7d9",
    "data": [
      {
        "text": "🕧",
        "userDefined": false
      }
    ],
    "isTemplate": false,
    "count": 0,
    "updated": 0
  }
]