[
  {
    "id": "f05b3c01-baad-4505-9e34-02f9f6d1985a",
    "data": [
      {
        "text": "🤣",
        "userDefined": false
      }
    ],
    "isTemplate": false,
    "count": 0,
    "updated": 0
  },
  {
    "id": "d97407ea-142a-4c2d-adbc-4cd6167252b0",
    "data": [
      {
        "text": "😹",
        "userDefined": false
      }
    ],
    "isTemplate": false,
    "count": 0,
    "updated": 0
  },
  {
    "id": "01bd621c-2350-4be4-ae78-8fdcaceaa028",
    "data": [
      {
        "text": "🤭",
        "userDefined": false
      }
    ],
    "isTemplate": false,
    "count": 0,
    "updated": 0
  }
]