[
  {
    "id": "b7f5b518-a771-446b-9bcb-3d3e193c38e4",
    "data": [
      {
        "text": "☹",
        "userDefined": false
      }
    ],
    "isTemplate": false,
    "count": 0,
    "updated": 0
  },
  {
    "id": "861abc86-5ec0-4e02-b89e-c5959c3653ae",
    "data": [
      {
        "text": "😟",
        "userDefined": false
      }
    ],
    "isTemplate": false,
    "count": 0,
    "updated": 0
  },
  {
    "id": "3a0e74ba-506e-4069-a8a9-b955ab1da767",
    "data": [
      {
        "text": "😞",
        "userDefined": false
      }
    ],
    "isTemplate": false,
    "count": 0,
    "updated": 0
  },
  {
    "id": "6fd1fdd3-68df-4a3b-a2ea-017b55395434",
    "data": [
      {
        "text": "🙁",
        "userDefined": false
      }
    ],
    "isTemplate": false,
    "count": 0,
    "updated": 0
  },
  {
    "id": "99c01ba2-8da8-4dc5-b3ec-9805d6589659",
    "data": [
      {
        "text": "☹",
        "userDefined": false
      }
    ],
    "isTemplate": false,
    "count": 0,
    "updated": 0
  }
]