[
  {
    "id": "e4dfebf1-67dd-448c-970a-8e57f5c02f3f",
    "data": [
      {
        "text": "🍏",
        "userDefined": false
      }
    ],
    "isTemplate": false,
    "count": 0,
    "updated": 0
  },
  {
    "id": "5f33e084-a108-4d4d-bfcf-b5751fb7dc3f",
    "data": [
      {
        "text": "🍎",
        "userDefined": false
      }
    ],
    "isTemplate": false,
    "count": 0,
    "updated": 0
  },
  {
    "id": "b7296eb5-a0c6-4fb3-b300-8a18d10e4070",
    "data": [
      {
        "text": "🍐",
        "userDefined": false
      }
    ],
    "isTemplate": false,
    "count": 0,
    "updated": 0
  },
  {
    "id": "164efaf4-682f-4ea2-abe0-052e46aa5a64",
    "data": [
      {
        "text": "🍊",
        "userDefined": false
      }
    ],
    "isTemplate": false,
    "count": 0,
    "updated": 0
  },
  {
    "id": "0e7039cd-8c1a-409b-9af2-26144e2933be",
    "data": [
      {
        "text": "🍋",
        "userDefined": false
      }
    ],
    "isTemplate": false,
    "count": 0,
    "updated": 0
  },
  {
    "id": "2adbb580-3346-4d16-a4e3-bc8c46cbe707",
    "data": [
      {
        "text": "🍌",
        "userDefined": false
      }
    ],
    "isTemplate": false,
    "count": 0,
    "updated": 0
  },
  {
    "id": "ae05e3f4-a146-486d-88f9-b57f63f555c1",
    "data": [
      {
        "text": "🍉",
        "userDefined": false
      }
    ],
    "isTemplate": false,
    "count": 0,
    "updated": 0
  },
  {
    "id": "8631906c-2792-4c97-b039-d840802907e5",
    "data": [
      {
        "text": "🍇",
        "userDefined": false
      }
    ],
    "isTemplate": false,
    "count": 0,
    "updated": 0
  },
  {
    "id": "e57763b0-0c2a-4d66-9d42-7b08ff4213dd",
    "data": [
      {
        "text": "🍓",
        "userDefined": false
      }
    ],
    "isTemplate": false,
    "count": 0,
    "updated": 0
  },
  {
    "id": "05a5741a-9cfb-4493-ae2e-9a653f43ec1b",
    "data": [
      {
        "text": "🍈",
        "userDefined": false
      }
    ],
    "isTemplate": false,
    "count": 0,
    "updated": 0
  },
  {
    "id": "c5413a90-b827-45d5-81e4-5736a016520b",
    "data": [
      {
        "text": "🍒",
        "userDefined": false
      }
    ],
    "isTemplate": false,
    "count": 0,
    "updated": 0
  },
  {
    "id": "2e0868a6-ee4f-4131-ade2-a505cad8be79",
    "data": [
      {
        "text": "🍑",
        "userDefined": false
      }
    ],
    "isTemplate": false,
    "count": 0,
    "updated": 0
  },
  {
    "id": "65c0a677-0f7d-4f93-8405-53b32ec18f4b",
    "data": [
      {
        "text": "🍍",
        "userDefined": false
      }
    ],
    "isTemplate": false,
    "count": 0,
    "updated": 0
  },
  {
    "id": "f44ed310-daf5-4500-9a45-ff61069c5bd2",
    "data": [
      {
        "text": "🍅",
        "userDefined": false
      }
    ],
    "isTemplate": false,
    "count": 0,
    "updated": 0
  },
  {
    "id": "27a5e6ed-d8c8-4d46-b146-2e6f4be005c9",
    "data": [
      {
        "text": "🍆",
        "userDefined": false
      }
    ],
    "isTemplate": false,
    "count": 0,
    "updated": 0
  },
  {
    "id": "07899fcb-13b0-45db-b9f6-12d329285e8c",
    "data": [
      {
        "text": "🌶",
        "userDefined": false
      }
    ],
    "isTemplate": false,
    "count": 0,
    "updated": 0
  },
  {
    "id": "82e231dd-d813-44f2-8643-74cf0918aeac",
    "data": [
      {
        "text": "🌽",
        "userDefined": false
      }
    ],
    "isTemplate": false,
    "count": 0,
    "updated": 0
  },
  {
    "id": "6e091ccb-4289-46a4-9e3e-318de32cce99",
    "data": [
      {
        "text": "🍠",
        "userDefined": false
      }
    ],
    "isTemplate": false,
    "count": 0,
    "updated": 0
  },
  {
    "id": "9b0052f1-dda0-48d4-be9d-c8ca6e98f2a8",
    "data": [
      {
        "text": "🍯",
        "userDefined": false
      }
    ],
    "isTemplate": false,
    "count": 0,
    "updated": 0
  },
  {
    "id": "533bf39a-ba5f-46f5-ad3f-e452bfed0e43",
    "data": [
      {
        "text": "🍞",
        "userDefined": false
      }
    ],
    "isTemplate": false,
    "count": 0,
    "updated": 0
  },
  {
    "id": "33934ba5-d58e-45a4-b672-d62139cc218f",
    "data": [
      {
        "text": "🧀",
        "userDefined": false
      }
    ],
    "isTemplate": false,
    "count": 0,
    "updated": 0
  },
  {
    "id": "b4907c8f-87a2-41bd-b7d8-5bfe67382b1f",
    "data": [
      {
        "text": "🍗",
        "userDefined": false
      }
    ],
    "isTemplate": false,
    "count": 0,
    "updated": 0
  },
  {
    "id": "201ceb4e-3ffe-4c97-a306-423b62aac97d",
    "data": [
      {
        "text": "🍖",
        "userDefined": false
      }
    ],
    "isTemplate": false,
    "count": 0,
    "updated": 0
  },
  {
    "id": "02f2fa5c-1415-4463-8a1b-a23e41116676",
    "data": [
      {
        "text": "🍤",
        "userDefined": false
      }
    ],
    "isTemplate": false,
    "count": 0,
    "updated": 0
  },
  {
    "id": "8d28606b-53a0-49c1-a2fa-4b6c07f83f63",
    "data": [
      {
        "text": "🍳",
        "userDefined": false
      }
    ],
    "isTemplate": false,
    "count": 0,
    "updated": 0
  },
  {
    "id": "1a28cc2c-0b64-4c92-b3b3-2ccfa127a394",
    "data": [
      {
        "text": "🍔",
        "userDefined": false
      }
    ],
    "isTemplate": false,
    "count": 0,
    "updated": 0
  },
  {
    "id": "3912bc46-9760-4756-ba69-3d28c254b420",
    "data": [
      {
        "text": "🍟",
        "userDefined": false
      }
    ],
    "isTemplate": false,
    "count": 0,
    "updated": 0
  },
  {
    "id": "063cdc3b-da45-4e4b-a419-50f3ec2aff47",
    "data": [
      {
        "text": "🌭",
        "userDefined": false
      }
    ],
    "isTemplate": false,
    "count": 0,
    "updated": 0
  },
  {
    "id": "ec6c575d-81db-484d-8138-4a1e514b391d",
    "data": [
      {
        "text": "🍕",
        "userDefined": false
      }
    ],
    "isTemplate": false,
    "count": 0,
    "updated": 0
  },
  {
    "id": "a5cb6b2a-9e27-445d-8f26-d871631bcc15",
    "data": [
      {
        "text": "🍝",
        "userDefined": false
      }
    ],
    "isTemplate": false,
    "count": 0,
    "updated": 0
  },
  {
    "id": "bc809c08-9160-43dd-acf1-7eef9f5ada9a",
    "data": [
      {
        "text": "🌮",
        "userDefined": false
      }
    ],
    "isTemplate": false,
    "count": 0,
    "updated": 0
  },
  {
    "id": "9fc5f69a-76db-4a33-b022-3c88dfedb461",
    "data": [
      {
        "text": "🌯",
        "userDefined": false
      }
    ],
    "isTemplate": false,
    "count": 0,
    "updated": 0
  },
  {
    "id": "125ff51d-16d7-452c-bfae-78a677700a09",
    "data": [
      {
        "text": "🍜",
        "userDefined": false
      }
    ],
    "isTemplate": false,
    "count": 0,
    "updated": 0
  },
  {
    "id": "21f690f5-a4a0-4a71-af78-7d9ad0942940",
    "data": [
      {
        "text": "🍲",
        "userDefined": false
      }
    ],
    "isTemplate": false,
    "count": 0,
    "updated": 0
  },
  {
    "id": "22edaf46-7365-457c-9f98-068a72a998ce",
    "data": [
      {
        "text": "🍥",
        "userDefined": false
      }
    ],
    "isTemplate": false,
    "count": 0,
    "updated": 0
  },
  {
    "id": "e739bb1e-e013-4057-87e4-49d3a2169690",
    "data": [
      {
        "text": "🍣",
        "userDefined": false
      }
    ],
    "isTemplate": false,
    "count": 0,
    "updated": 0
  },
  {
    "id": "dc632d6f-8f2e-445b-b6bb-5d7a5e630010",
    "data": [
      {
        "text": "🍱",
        "userDefined": false
      }
    ],
    "isTemplate": false,
    "count": 0,
    "updated": 0
  },
  {
    "id": "33a21c51-f19d-4198-93b4-cbced38c6707",
    "data": [
      {
        "text": "🍛",
        "userDefined": false
      }
    ],
    "isTemplate": false,
    "count": 0,
    "updated": 0
  },
  {
    "id": "9a246a68-5e19-45b6-9215-39a70cc419b4",
    "data": [
      {
        "text": "🍙",
        "userDefined": false
      }
    ],
    "isTemplate": false,
    "count": 0,
    "updated": 0
  },
  {
    "id": "123008d4-7e13-4aa7-b2d8-51f2ca71afb7",
    "data": [
      {
        "text": "🍚",
        "userDefined": false
      }
    ],
    "isTemplate": false,
    "count": 0,
    "updated": 0
  },
  {
    "id": "0e7c337b-e0cc-477e-97c2-0275284fb9c8",
    "data": [
      {
        "text": "🍘",
        "userDefined": false
      }
    ],
    "isTemplate": false,
    "count": 0,
    "updated": 0
  },
  {
    "id": "abc9dfba-7735-43bc-add2-a2dfec62d4ad",
    "data": [
      {
        "text": "🍢",
        "userDefined": false
      }
    ],
    "isTemplate": false,
    "count": 0,
    "updated": 0
  },
  {
    "id": "7b485c97-2bb2-4cbc-928a-ec4060d7461e",
    "data": [
      {
        "text": "🍡",
        "userDefined": false
      }
    ],
    "isTemplate": false,
    "count": 0,
    "updated": 0
  },
  {
    "id": "3bbc664a-75b2-4f4f-973d-8adb4164849f",
    "data": [
      {
        "text": "🍧",
        "userDefined": false
      }
    ],
    "isTemplate": false,
    "count": 0,
    "updated": 0
  },
  {
    "id": "ed26789b-812a-4018-a8fb-20e9c633a81f",
    "data": [
      {
        "text": "🍨",
        "userDefined": false
      }
    ],
    "isTemplate": false,
    "count": 0,
    "updated": 0
  },
  {
    "id": "0597bae4-70f2-4da0-b794-475fbb1be4a8",
    "data": [
      {
        "text": "🍦",
        "userDefined": false
      }
    ],
    "isTemplate": false,
    "count": 0,
    "updated": 0
  },
  {
    "id": "806ae053-e7ec-4e78-b446-361ebb974d97",
    "data": [
      {
        "text": "🍰",
        "userDefined": false
      }
    ],
    "isTemplate": false,
    "count": 0,
    "updated": 0
  },
  {
    "id": "5989ad4a-62e9-46fd-b9f1-b95fd7b929c5",
    "data": [
      {
        "text": "🎂",
        "userDefined": false
      }
    ],
    "isTemplate": false,
    "count": 0,
    "updated": 0
  },
  {
    "id": "97d838e9-25df-4a61-9f99-e9d68d72c6fd",
    "data": [
      {
        "text": "🍮",
        "userDefined": false
      }
    ],
    "isTemplate": false,
    "count": 0,
    "updated": 0
  },
  {
    "id": "606ff6db-54ac-44dc-ac06-e2a8865560a8",
    "data": [
      {
        "text": "🍬",
        "userDefined": false
      }
    ],
    "isTemplate": false,
    "count": 0,
    "updated": 0
  },
  {
    "id": "d87071e5-be01-4ec2-8998-f3e609dda23b",
    "data": [
      {
        "text": "🍭",
        "userDefined": false
      }
    ],
    "isTemplate": false,
    "count": 0,
    "updated": 0
  },
  {
    "id": "12992410-39b1-4b8a-ab15-3d921e6b5c34",
    "data": [
      {
        "text": "🍫",
        "userDefined": false
      }
    ],
    "isTemplate": false,
    "count": 0,
    "updated": 0
  },
  {
    "id": "3741f9ee-fecf-4b71-89f8-817130e3eab9",
    "data": [
      {
        "text": "🍿",
        "userDefined": false
      }
    ],
    "isTemplate": false,
    "count": 0,
    "updated": 0
  },
  {
    "id": "f0f54610-ad9a-4c3f-8aff-bd64767617a9",
    "data": [
      {
        "text": "🍩",
        "userDefined": false
      }
    ],
    "isTemplate": false,
    "count": 0,
    "updated": 0
  },
  {
    "id": "aeac37b1-227a-498c-89bd-05433914660d",
    "data": [
      {
        "text": "🍪",
        "userDefined": false
      }
    ],
    "isTemplate": false,
    "count": 0,
    "updated": 0
  },
  {
    "id": "42db1f2f-0da6-4479-85a3-86124448ed05",
    "data": [
      {
        "text": "🍺",
        "userDefined": false
      }
    ],
    "isTemplate": false,
    "count": 0,
    "updated": 0
  },
  {
    "id": "d94ade59-c4e7-414c-b409-409086572ea7",
    "data": [
      {
        "text": "🍻",
        "userDefined": false
      }
    ],
    "isTemplate": false,
    "count": 0,
    "updated": 0
  },
  {
    "id": "c1404be1-e1eb-4d00-bd22-3be458a34825",
    "data": [
      {
        "text": "🍷",
        "userDefined": false
      }
    ],
    "isTemplate": false,
    "count": 0,
    "updated": 0
  },
  {
    "id": "7884ca21-f755-4862-8fff-ea05695521cf",
    "data": [
      {
        "text": "🍸",
        "userDefined": false
      }
    ],
    "isTemplate": false,
    "count": 0,
    "updated": 0
  },
  {
    "id": "99f20b1b-dfc0-4c77-84ac-01b6a2854191",
    "data": [
      {
        "text": "🍹",
        "userDefined": false
      }
    ],
    "isTemplate": false,
    "count": 0,
    "updated": 0
  },
  {
    "id": "4179549b-0c74-4981-b26f-2d5e978a648a",
    "data": [
      {
        "text": "🍾",
        "userDefined": false
      }
    ],
    "isTemplate": false,
    "count": 0,
    "updated": 0
  },
  {
    "id": "a584a152-51a5-42e5-b936-ce7b39f0d79b",
    "data": [
      {
        "text": "🍶",
        "userDefined": false
      }
    ],
    "isTemplate": false,
    "count": 0,
    "updated": 0
  },
  {
    "id": "627e778f-2b1a-4cac-b5fd-9d77639f3eef",
    "data": [
      {
        "text": "🍵",
        "userDefined": false
      }
    ],
    "isTemplate": false,
    "count": 0,
    "updated": 0
  },
  {
    "id": "a8e81246-9f90-4716-88de-81603c7afb43",
    "data": [
      {
        "text": "☕",
        "userDefined": false
      }
    ],
    "isTemplate": false,
    "count": 0,
    "updated": 0
  },
  {
    "id": "035b84f2-adf8-471d-b19f-f58e62903f30",
    "data": [
      {
        "text": "🍼",
        "userDefined": false
      }
    ],
    "isTemplate": false,
    "count": 0,
    "updated": 0
  },
  {
    "id": "82559ae6-8864-4349-8b18-9f24af0cf16b",
    "data": [
      {
        "text": "🍴",
        "userDefined": false
      }
    ],
    "isTemplate": false,
    "count": 0,
    "updated": 0
  },
  {
    "id": "40f4f15d-9395-49f0-b85b-d233de332289",
    "data": [
      {
        "text": "🍽",
        "userDefined": false
      }
    ],
    "isTemplate": false,
    "count": 0,
    "updated": 0
  }
]