[
  {
    "id": "fff49607-e7d0-443a-a584-ed575576d025",
    "data": [
      {
        "text": "😖",
        "userDefined": false
      }
    ],
    "isTemplate": false,
    "count": 0,
    "updated": 0
  },
  {
    "id": "7c1ee784-a2e7-478e-b594-da2a649d2179",
    "data": [
      {
        "text": ":\u0027(",
        "userDefined": false
      }
    ],
    "isTemplate": false,
    "count": 1,
    "updated": 0
  },
  {
    "id": "e097ebaf-fc2b-4b84-abba-4c4b492cccdb",
    "data": [
      {
        "text": "😿",
        "userDefined": false
      }
    ],
    "isTemplate": false,
    "count": 0,
    "updated": 0
  },
  {
    "id": "d0822a5a-e560-4ade-a2f1-f63c07b3fbf9",
    "data": [
      {
        "text": "😢",
        "userDefined": false
      }
    ],
    "isTemplate": false,
    "count": 0,
    "updated": 0
  },
  {
    "id": "f239a809-24ef-483c-a0d9-cdcf5fe324ec",
    "data": [
      {
        "text": "😭",
        "userDefined": false
      }
    ],
    "isTemplate": false,
    "count": 0,
    "updated": 0
  }
]