[
  {
    "id": "bfbaad7c-62a9-4c76-9cb7-cfaf4502a1f8",
    "data": [
      {
        "text": "👍",
        "userDefined": false
      }
    ],
    "isTemplate": false,
    "count": 0,
    "updated": 0
  },
  {
    "id": "630faf0b-40c5-4ddc-9346-8f8e1606096a",
    "data": [
      {
        "text": "https://scontent.xx.fbcdn.net/v/t39.1997-6/",
        "userDefined": false
      },
      {
        "text": "39178562_1505197616293642_5411344281094848512_n.png",
        "alias": "thumbs",
        "meta": "@thumbs",
        "userDefined": true
      },
      {
        "text": "?_nc_cat\u003d1\u0026_nc_ohc\u003dDEh9mV3MfwIAQn2gw1D6duNp8BKbi_WHHdyaGeXuuSmr0s1MW4RVZcOmQ\u0026_nc_ad\u003dz-m\u0026_nc_cid\u003d0\u0026_nc_zor\u003d9\u0026_nc_ht\u003dscontent.xx\u0026oh\u003d03edaeca7da300514996f6c7ddad25f8\u0026oe\u003d5E42E275",
        "userDefined": false
      }
    ],
    "isTemplate": false,
    "count": 0,
    "updated": 0
  }
]