[
  {
    "id": "ba53412b-6c38-4b23-93a5-84476ff4d988",
    "data": [
      {
        "text": ":D",
        "userDefined": false
      }
    ],
    "isTemplate": false,
    "count": 0,
    "updated": 0
  },
  {
    "id": "33f783ce-8816-4475-8a45-254071190218",
    "data": [
      {
        "text": "☺",
        "userDefined": false
      }
    ],
    "isTemplate": false,
    "count": 0,
    "updated": 0
  },
  {
    "id": "7f40a66d-4807-4c7d-b801-1423d2331c46",
    "data": [
      {
        "text": "😙",
        "userDefined": false
      }
    ],
    "isTemplate": false,
    "count": 0,
    "updated": 0
  },
  {
    "id": "61f15f35-8260-4642-98a6-b83440934a4c",
    "data": [
      {
        "text": "😃",
        "userDefined": false
      }
    ],
    "isTemplate": false,
    "count": 0,
    "updated": 0
  },
  {
    "id": "8e89c051-9907-497a-8650-66adfc869a47",
    "data": [
      {
        "text": "😁",
        "userDefined": false
      }
    ],
    "isTemplate": false,
    "count": 0,
    "updated": 0
  },
  {
    "id": "ba89fe4a-0716-42f7-9ebd-c287b51bdec0",
    "data": [
      {
        "text": "🙂",
        "userDefined": false
      }
    ],
    "isTemplate": false,
    "count": 0,
    "updated": 0
  },
  {
    "id": "8f8c17c2-4b2d-4ca2-ba0e-93b93f304e4a",
    "data": [
      {
        "text": "☺",
        "userDefined": false
      }
    ],
    "isTemplate": false,
    "count": 0,
    "updated": 0
  },
  {
    "id": "20e2f0a2-2b3e-4fac-9eae-e730f060d141",
    "data": [
      {
        "text": "😄",
        "userDefined": false
      }
    ],
    "isTemplate": false,
    "count": 0,
    "updated": 0
  },
  {
    "id": "96f71680-969b-4294-8e62-fd6fad77f533",
    "data": [
      {
        "text": "😊",
        "userDefined": false
      }
    ],
    "isTemplate": false,
    "count": 0,
    "updated": 0
  },
  {
    "id": "1e0ef699-6ef5-4512-80ff-b7ec42f2c0a3",
    "data": [
      {
        "text": "😀",
        "userDefined": false
      }
    ],
    "isTemplate": false,
    "count": 0,
    "updated": 0
  }
]