[
  {
    "id": "9834d702-702b-437a-8cef-421bf08042e5",
    "data": [
      {
        "text": "🤪",
        "userDefined": false
      }
    ],
    "isTemplate": false,
    "count": 0,
    "updated": 0
  },
  {
    "id": "35b1d15f-7d4d-472a-b970-25d13b37b518",
    "data": [
      {
        "text": "😬",
        "userDefined": false
      }
    ],
    "isTemplate": false,
    "count": 0,
    "updated": 0
  },
  {
    "id": "e165efa4-108d-412f-b1f2-d502bc31f603",
    "data": [
      {
        "text": "😇",
        "userDefined": false
      }
    ],
    "isTemplate": false,
    "count": 0,
    "updated": 0
  },
  {
    "id": "8edf3b7c-158d-4aa4-9bd4-4912174c6bd8",
    "data": [
      {
        "text": "😉",
        "userDefined": false
      }
    ],
    "isTemplate": false,
    "count": 0,
    "updated": 0
  },
  {
    "id": "5e569195-1312-48fb-83e7-a26e414dfca2",
    "data": [
      {
        "text": "🙃",
        "userDefined": false
      }
    ],
    "isTemplate": false,
    "count": 0,
    "updated": 0
  },
  {
    "id": "50a5c1bf-d902-475f-869a-0c6d1d508bc8",
    "data": [
      {
        "text": "😋",
        "userDefined": false
      }
    ],
    "isTemplate": false,
    "count": 0,
    "updated": 0
  },
  {
    "id": "f23a5b09-f2c2-415b-a274-eb59e4218312",
    "data": [
      {
        "text": "😌",
        "userDefined": false
      }
    ],
    "isTemplate": false,
    "count": 0,
    "updated": 0
  },
  {
    "id": "006b0c5d-1dad-4375-a66e-ef7bbede706e",
    "data": [
      {
        "text": "😗",
        "userDefined": false
      }
    ],
    "isTemplate": false,
    "count": 0,
    "updated": 0
  },
  {
    "id": "81639a88-a824-4721-a544-475cb56deb6a",
    "data": [
      {
        "text": "😚",
        "userDefined": false
      }
    ],
    "isTemplate": false,
    "count": 0,
    "updated": 0
  },
  {
    "id": "9d0b1038-352d-4ebc-b259-7a112776d28d",
    "data": [
      {
        "text": "😜",
        "userDefined": false
      }
    ],
    "isTemplate": false,
    "count": 0,
    "updated": 0
  },
  {
    "id": "96516089-3383-4d47-9614-7a5060a218a4",
    "data": [
      {
        "text": "😝",
        "userDefined": false
      }
    ],
    "isTemplate": false,
    "count": 0,
    "updated": 0
  },
  {
    "id": "d24a982b-8368-468c-8825-f8874cd34cfc",
    "data": [
      {
        "text": "😛",
        "userDefined": false
      }
    ],
    "isTemplate": false,
    "count": 0,
    "updated": 0
  },
  {
    "id": "e68f5e83-f84c-4f5f-8b8d-22564c446050",
    "data": [
      {
        "text": "🤑",
        "userDefined": false
      }
    ],
    "isTemplate": false,
    "count": 0,
    "updated": 0
  },
  {
    "id": "bf391fd8-559c-4bf3-abd4-f22bdd372a00",
    "data": [
      {
        "text": "🤓",
        "userDefined": false
      }
    ],
    "isTemplate": false,
    "count": 0,
    "updated": 0
  },
  {
    "id": "8a2ddc0b-9cc9-4457-8eda-0484be5d286b",
    "data": [
      {
        "text": "😎",
        "userDefined": false
      }
    ],
    "isTemplate": false,
    "count": 0,
    "updated": 0
  },
  {
    "id": "997716fb-ef70-4d0c-b132-2e50fb44f68b",
    "data": [
      {
        "text": "🤗",
        "userDefined": false
      }
    ],
    "isTemplate": false,
    "count": 0,
    "updated": 0
  },
  {
    "id": "72aac1f5-6434-45c5-b435-300a2f45152b",
    "data": [
      {
        "text": "😶",
        "userDefined": false
      }
    ],
    "isTemplate": false,
    "count": 0,
    "updated": 0
  },
  {
    "id": "6d1ad4e4-3f1d-48a4-9c05-e962f28a2ab0",
    "data": [
      {
        "text": "😐",
        "userDefined": false
      }
    ],
    "isTemplate": false,
    "count": 0,
    "updated": 0
  },
  {
    "id": "506d579f-a18d-47e4-b831-1c57c298c9db",
    "data": [
      {
        "text": "😑",
        "userDefined": false
      }
    ],
    "isTemplate": false,
    "count": 0,
    "updated": 0
  },
  {
    "id": "19ebc4fd-821a-4334-9a08-048cb81bbb47",
    "data": [
      {
        "text": "😒",
        "userDefined": false
      }
    ],
    "isTemplate": false,
    "count": 0,
    "updated": 0
  },
  {
    "id": "e0a8ee6f-8a97-456b-a7f3-5d8cb03397d2",
    "data": [
      {
        "text": "🙄",
        "userDefined": false
      }
    ],
    "isTemplate": false,
    "count": 0,
    "updated": 0
  },
  {
    "id": "10060622-5c3f-465a-bd2f-27652234ca63",
    "data": [
      {
        "text": "🤔",
        "userDefined": false
      }
    ],
    "isTemplate": false,
    "count": 0,
    "updated": 0
  },
  {
    "id": "59bd947f-b53e-4460-b77d-19aff24e6197",
    "data": [
      {
        "text": "😳",
        "userDefined": false
      }
    ],
    "isTemplate": false,
    "count": 0,
    "updated": 0
  },
  {
    "id": "5444a216-e40a-44d4-b41b-7ca7707839af",
    "data": [
      {
        "text": "😞",
        "userDefined": false
      }
    ],
    "isTemplate": false,
    "count": 0,
    "updated": 0
  },
  {
    "id": "68f1daaf-abec-4b3c-a138-7ae76453caf1",
    "data": [
      {
        "text": "😟",
        "userDefined": false
      }
    ],
    "isTemplate": false,
    "count": 0,
    "updated": 0
  },
  {
    "id": "3cec64d9-a0df-44e3-bfc6-e9def9715ded",
    "data": [
      {
        "text": "😔",
        "userDefined": false
      }
    ],
    "isTemplate": false,
    "count": 0,
    "updated": 0
  },
  {
    "id": "eff71e5e-e5c0-4422-bbad-a99b8c6cee17",
    "data": [
      {
        "text": "😕",
        "userDefined": false
      }
    ],
    "isTemplate": false,
    "count": 0,
    "updated": 0
  },
  {
    "id": "85bf4293-7491-4e8f-baa3-6013883de19a",
    "data": [
      {
        "text": "☹",
        "userDefined": false
      }
    ],
    "isTemplate": false,
    "count": 0,
    "updated": 0
  },
  {
    "id": "309d827a-268a-4551-a280-baadc2d22f4a",
    "data": [
      {
        "text": "😣",
        "userDefined": false
      }
    ],
    "isTemplate": false,
    "count": 0,
    "updated": 0
  },
  {
    "id": "f7684b84-54b7-4b0b-afce-aeaef892a230",
    "data": [
      {
        "text": "😫",
        "userDefined": false
      }
    ],
    "isTemplate": false,
    "count": 0,
    "updated": 0
  },
  {
    "id": "20961dce-c333-420f-b5ca-3f1c5e0a7631",
    "data": [
      {
        "text": "😩",
        "userDefined": false
      }
    ],
    "isTemplate": false,
    "count": 0,
    "updated": 0
  },
  {
    "id": "8877d553-ae7f-4c2c-bad6-67b63e8b754e",
    "data": [
      {
        "text": "😮",
        "userDefined": false
      }
    ],
    "isTemplate": false,
    "count": 0,
    "updated": 0
  },
  {
    "id": "12129e00-7922-4e10-8ce3-07553002c2b8",
    "data": [
      {
        "text": "😱",
        "userDefined": false
      }
    ],
    "isTemplate": false,
    "count": 0,
    "updated": 0
  },
  {
    "id": "8128f902-81c3-44f1-9738-3e9a5d104a26",
    "data": [
      {
        "text": "😨",
        "userDefined": false
      }
    ],
    "isTemplate": false,
    "count": 0,
    "updated": 0
  },
  {
    "id": "c7c2b0e2-2e4b-4e45-b64c-31f394fb66da",
    "data": [
      {
        "text": "😰",
        "userDefined": false
      }
    ],
    "isTemplate": false,
    "count": 0,
    "updated": 0
  },
  {
    "id": "61a1d6b9-7cc9-40d6-96ed-5bd46b938519",
    "data": [
      {
        "text": "😯",
        "userDefined": false
      }
    ],
    "isTemplate": false,
    "count": 0,
    "updated": 0
  },
  {
    "id": "59adb42a-f4a8-4bcd-ac0c-4497643ed985",
    "data": [
      {
        "text": "😦",
        "userDefined": false
      }
    ],
    "isTemplate": false,
    "count": 0,
    "updated": 0
  },
  {
    "id": "0b887dd9-0b69-4e8a-8e2e-f09962c8f851",
    "data": [
      {
        "text": "😧",
        "userDefined": false
      }
    ],
    "isTemplate": false,
    "count": 0,
    "updated": 0
  },
  {
    "id": "cfc9d7f2-eca8-4958-a6b8-61b9de50d5c6",
    "data": [
      {
        "text": "😪",
        "userDefined": false
      }
    ],
    "isTemplate": false,
    "count": 0,
    "updated": 0
  },
  {
    "id": "201e6fb0-a10d-4c04-a044-e4153b7e1ee0",
    "data": [
      {
        "text": "😓",
        "userDefined": false
      }
    ],
    "isTemplate": false,
    "count": 0,
    "updated": 0
  },
  {
    "id": "21cb93d3-d32b-4186-8823-3d1b258e2310",
    "data": [
      {
        "text": "😵",
        "userDefined": false
      }
    ],
    "isTemplate": false,
    "count": 0,
    "updated": 0
  },
  {
    "id": "ed236204-b3bf-4f76-a839-9e1730d3656d",
    "data": [
      {
        "text": "😲",
        "userDefined": false
      }
    ],
    "isTemplate": false,
    "count": 0,
    "updated": 0
  },
  {
    "id": "11d4a80f-6be5-4882-aeca-db78e315ddf8",
    "data": [
      {
        "text": "🤐",
        "userDefined": false
      }
    ],
    "isTemplate": false,
    "count": 0,
    "updated": 0
  },
  {
    "id": "c2f21659-acd3-406e-bc97-7f66749ea93d",
    "data": [
      {
        "text": "😷",
        "userDefined": false
      }
    ],
    "isTemplate": false,
    "count": 0,
    "updated": 0
  },
  {
    "id": "daecfc06-4952-44b1-8337-8a718eef7eaa",
    "data": [
      {
        "text": "🤒",
        "userDefined": false
      }
    ],
    "isTemplate": false,
    "count": 0,
    "updated": 0
  },
  {
    "id": "4015731b-8adc-405f-bba8-d940e16e04fe",
    "data": [
      {
        "text": "🤕",
        "userDefined": false
      }
    ],
    "isTemplate": false,
    "count": 0,
    "updated": 0
  },
  {
    "id": "d52a9d94-64a9-43cc-a65a-58a868d52e26",
    "data": [
      {
        "text": "😴",
        "userDefined": false
      }
    ],
    "isTemplate": false,
    "count": 0,
    "updated": 0
  },
  {
    "id": "e8dfcfd7-8983-4aa2-83e6-443156ec43ae",
    "data": [
      {
        "text": "💤",
        "userDefined": false
      }
    ],
    "isTemplate": false,
    "count": 0,
    "updated": 0
  },
  {
    "id": "fbb91fb3-cfea-45fb-bcdc-a40b973ad5ea",
    "data": [
      {
        "text": "💩",
        "userDefined": false
      }
    ],
    "isTemplate": false,
    "count": 0,
    "updated": 0
  },
  {
    "id": "c1940d5d-a33a-412d-8dda-d9d1a105dc33",
    "data": [
      {
        "text": "👹",
        "userDefined": false
      }
    ],
    "isTemplate": false,
    "count": 0,
    "updated": 0
  },
  {
    "id": "3ecbf72a-5147-46a0-832a-304dbe4918cd",
    "data": [
      {
        "text": "👺",
        "userDefined": false
      }
    ],
    "isTemplate": false,
    "count": 0,
    "updated": 0
  },
  {
    "id": "7432101b-72a8-4aaa-b206-3c25a408bd90",
    "data": [
      {
        "text": "💀",
        "userDefined": false
      }
    ],
    "isTemplate": false,
    "count": 0,
    "updated": 0
  },
  {
    "id": "a578aed9-6f13-4907-8e33-4b849f8d3a52",
    "data": [
      {
        "text": "👻",
        "userDefined": false
      }
    ],
    "isTemplate": false,
    "count": 0,
    "updated": 0
  },
  {
    "id": "361e7539-7fab-41cd-a521-e2ceefbe144f",
    "data": [
      {
        "text": "👽",
        "userDefined": false
      }
    ],
    "isTemplate": false,
    "count": 0,
    "updated": 0
  },
  {
    "id": "98ab4a97-27c6-4e42-af58-fe9348ea1228",
    "data": [
      {
        "text": "🤖",
        "userDefined": false
      }
    ],
    "isTemplate": false,
    "count": 0,
    "updated": 0
  },
  {
    "id": "112cf361-fb2b-4951-a989-b49d711719d2",
    "data": [
      {
        "text": "😺",
        "userDefined": false
      }
    ],
    "isTemplate": false,
    "count": 0,
    "updated": 0
  },
  {
    "id": "e1e738cd-3c57-468a-936e-fecb0c066bd3",
    "data": [
      {
        "text": "😸",
        "userDefined": false
      }
    ],
    "isTemplate": false,
    "count": 0,
    "updated": 0
  },
  {
    "id": "d7b830e6-a557-4234-8b6c-60d28561f488",
    "data": [
      {
        "text": "😻",
        "userDefined": false
      }
    ],
    "isTemplate": false,
    "count": 0,
    "updated": 0
  },
  {
    "id": "025768c0-beb2-444e-b0b7-c851f674237b",
    "data": [
      {
        "text": "😼",
        "userDefined": false
      }
    ],
    "isTemplate": false,
    "count": 0,
    "updated": 0
  },
  {
    "id": "17547361-d439-4ab1-a8c0-b3bfd0414e77",
    "data": [
      {
        "text": "😽",
        "userDefined": false
      }
    ],
    "isTemplate": false,
    "count": 0,
    "updated": 0
  },
  {
    "id": "cb799fdf-ef3a-446f-bc27-d275d0c4808a",
    "data": [
      {
        "text": "🙀",
        "userDefined": false
      }
    ],
    "isTemplate": false,
    "count": 0,
    "updated": 0
  },
  {
    "id": "e1fde249-cf40-491b-99d3-53fec3939a74",
    "data": [
      {
        "text": "😾",
        "userDefined": false
      }
    ],
    "isTemplate": false,
    "count": 0,
    "updated": 0
  },
  {
    "id": "583d9f66-a44a-4aa6-aa42-eba024c8b44b",
    "data": [
      {
        "text": "🙌",
        "userDefined": false
      }
    ],
    "isTemplate": false,
    "count": 0,
    "updated": 0
  },
  {
    "id": "3314b649-948b-425d-af7e-4d1213caa850",
    "data": [
      {
        "text": "🙌🏻",
        "userDefined": false
      }
    ],
    "isTemplate": false,
    "count": 0,
    "updated": 0
  },
  {
    "id": "ea140ab8-7b08-4d91-aadc-41927b9d302c",
    "data": [
      {
        "text": "🙌🏼",
        "userDefined": false
      }
    ],
    "isTemplate": false,
    "count": 0,
    "updated": 0
  },
  {
    "id": "06c5c03c-4a4f-41c7-86c0-f220d5b37f4a",
    "data": [
      {
        "text": "🙌🏽",
        "userDefined": false
      }
    ],
    "isTemplate": false,
    "count": 0,
    "updated": 0
  },
  {
    "id": "6929b2c8-4934-44b0-9989-f982bc4d98ce",
    "data": [
      {
        "text": "🙌🏾",
        "userDefined": false
      }
    ],
    "isTemplate": false,
    "count": 0,
    "updated": 0
  },
  {
    "id": "fc9d83e5-6b96-47bb-b229-f8c973bf8e69",
    "data": [
      {
        "text": "🙌🏿",
        "userDefined": false
      }
    ],
    "isTemplate": false,
    "count": 0,
    "updated": 0
  },
  {
    "id": "ed207455-98f3-4366-a83e-9793ceb4087b",
    "data": [
      {
        "text": "👏",
        "userDefined": false
      }
    ],
    "isTemplate": false,
    "count": 0,
    "updated": 0
  },
  {
    "id": "ab4aaabb-20a6-48af-804f-1ff3175233d2",
    "data": [
      {
        "text": "👏🏼",
        "userDefined": false
      }
    ],
    "isTemplate": false,
    "count": 1,
    "updated": 0
  },
  {
    "id": "1a2d388c-7f32-49b9-82d9-2f5967eaabb4",
    "data": [
      {
        "text": "👏🏽",
        "userDefined": false
      }
    ],
    "isTemplate": false,
    "count": 0,
    "updated": 0
  },
  {
    "id": "fc059e24-838b-4f50-ac4a-995b98fb3be5",
    "data": [
      {
        "text": "👏🏾",
        "userDefined": false
      }
    ],
    "isTemplate": false,
    "count": 0,
    "updated": 0
  },
  {
    "id": "ded669c0-6f72-4d87-a1d4-d47a1145ccf0",
    "data": [
      {
        "text": "👏🏿",
        "userDefined": false
      }
    ],
    "isTemplate": false,
    "count": 0,
    "updated": 0
  },
  {
    "id": "69ed9371-95fe-486d-a4cf-20e4471f1d5f",
    "data": [
      {
        "text": "👋",
        "userDefined": false
      }
    ],
    "isTemplate": false,
    "count": 0,
    "updated": 0
  },
  {
    "id": "16060b8c-ea30-4aec-a2fb-d3f47ad914b6",
    "data": [
      {
        "text": "👋🏻",
        "userDefined": false
      }
    ],
    "isTemplate": false,
    "count": 0,
    "updated": 0
  },
  {
    "id": "78084af9-ea99-4359-9d01-993b73433456",
    "data": [
      {
        "text": "👋🏼",
        "userDefined": false
      }
    ],
    "isTemplate": false,
    "count": 0,
    "updated": 0
  },
  {
    "id": "30b57cbb-7e77-4e9f-969d-f223a60839c7",
    "data": [
      {
        "text": "👋🏽",
        "userDefined": false
      }
    ],
    "isTemplate": false,
    "count": 0,
    "updated": 0
  },
  {
    "id": "c75e8faa-5726-4be7-9367-ce33d0fceaff",
    "data": [
      {
        "text": "👋🏾",
        "userDefined": false
      }
    ],
    "isTemplate": false,
    "count": 0,
    "updated": 0
  },
  {
    "id": "7258e1a3-7575-47e9-bddb-45d466b6c9eb",
    "data": [
      {
        "text": "👋🏿",
        "userDefined": false
      }
    ],
    "isTemplate": false,
    "count": 0,
    "updated": 0
  },
  {
    "id": "cd799f5a-da08-4ccd-a7a5-dcb7e1d9dc89",
    "data": [
      {
        "text": "👎",
        "userDefined": false
      }
    ],
    "isTemplate": false,
    "count": 0,
    "updated": 0
  },
  {
    "id": "aea67dfc-2358-46a4-8166-64ac5e2f40a2",
    "data": [
      {
        "text": "👎🏻",
        "userDefined": false
      }
    ],
    "isTemplate": false,
    "count": 0,
    "updated": 0
  },
  {
    "id": "39c9665b-f6d3-4d1d-bbf4-4e133e0ea5c9",
    "data": [
      {
        "text": "👎🏼",
        "userDefined": false
      }
    ],
    "isTemplate": false,
    "count": 0,
    "updated": 0
  },
  {
    "id": "0e378bdb-654c-4524-b986-67b94f2478d9",
    "data": [
      {
        "text": "👎🏽",
        "userDefined": false
      }
    ],
    "isTemplate": false,
    "count": 0,
    "updated": 0
  },
  {
    "id": "ee909b31-816b-4f1b-83c7-a1cbc348cf4a",
    "data": [
      {
        "text": "👎🏾",
        "userDefined": false
      }
    ],
    "isTemplate": false,
    "count": 0,
    "updated": 0
  },
  {
    "id": "fadbd7e6-3680-4569-9848-abdcb740e5e4",
    "data": [
      {
        "text": "👎🏿",
        "userDefined": false
      }
    ],
    "isTemplate": false,
    "count": 0,
    "updated": 0
  },
  {
    "id": "916039ec-ea0f-4505-93dc-d013095410c9",
    "data": [
      {
        "text": "👊",
        "userDefined": false
      }
    ],
    "isTemplate": false,
    "count": 0,
    "updated": 0
  },
  {
    "id": "99bf3ee0-1409-4c31-b619-0c1c715e7c79",
    "data": [
      {
        "text": "👊🏻",
        "userDefined": false
      }
    ],
    "isTemplate": false,
    "count": 0,
    "updated": 0
  },
  {
    "id": "40977c4d-dc34-450f-943c-15fdc1509ea1",
    "data": [
      {
        "text": "👊🏼",
        "userDefined": false
      }
    ],
    "isTemplate": false,
    "count": 0,
    "updated": 0
  },
  {
    "id": "73a252ac-4886-4fcb-bb4d-fad1ec29bc49",
    "data": [
      {
        "text": "👊🏽",
        "userDefined": false
      }
    ],
    "isTemplate": false,
    "count": 0,
    "updated": 0
  },
  {
    "id": "b0aea48c-5a23-412d-91c1-b82297975e45",
    "data": [
      {
        "text": "👊🏾",
        "userDefined": false
      }
    ],
    "isTemplate": false,
    "count": 0,
    "updated": 0
  },
  {
    "id": "eaeae839-186c-436c-ab16-6748a58408ce",
    "data": [
      {
        "text": "👊🏿",
        "userDefined": false
      }
    ],
    "isTemplate": false,
    "count": 0,
    "updated": 0
  },
  {
    "id": "33ff5d51-51db-4ba9-925e-0f4d379c4e1b",
    "data": [
      {
        "text": "✊",
        "userDefined": false
      }
    ],
    "isTemplate": false,
    "count": 0,
    "updated": 0
  },
  {
    "id": "96c82056-9ba6-4c95-aab6-8e6459374ca2",
    "data": [
      {
        "text": "✊🏻",
        "userDefined": false
      }
    ],
    "isTemplate": false,
    "count": 0,
    "updated": 0
  },
  {
    "id": "7e04d500-8d88-436b-8144-7a0fc2937a59",
    "data": [
      {
        "text": "✊🏼",
        "userDefined": false
      }
    ],
    "isTemplate": false,
    "count": 0,
    "updated": 0
  },
  {
    "id": "2cac6a19-2db9-4552-96cc-278253058425",
    "data": [
      {
        "text": "✊🏽",
        "userDefined": false
      }
    ],
    "isTemplate": false,
    "count": 0,
    "updated": 0
  },
  {
    "id": "d803d234-c78f-488d-b81d-9313b4c243f7",
    "data": [
      {
        "text": "✊🏾",
        "userDefined": false
      }
    ],
    "isTemplate": false,
    "count": 0,
    "updated": 0
  },
  {
    "id": "407ced47-5332-48f7-a790-34d1fdabd9a7",
    "data": [
      {
        "text": "✊🏿",
        "userDefined": false
      }
    ],
    "isTemplate": false,
    "count": 0,
    "updated": 0
  },
  {
    "id": "2cbfaa15-bf99-40ba-95c8-ab8c39ffcf4b",
    "data": [
      {
        "text": "✌",
        "userDefined": false
      }
    ],
    "isTemplate": false,
    "count": 0,
    "updated": 0
  },
  {
    "id": "ac2f6965-a482-436d-8fe8-65e45f8f15d7",
    "data": [
      {
        "text": "✌🏻",
        "userDefined": false
      }
    ],
    "isTemplate": false,
    "count": 0,
    "updated": 0
  },
  {
    "id": "dd8ddd18-0ceb-42d8-a144-e6e4cb9a0cde",
    "data": [
      {
        "text": "✌🏼",
        "userDefined": false
      }
    ],
    "isTemplate": false,
    "count": 0,
    "updated": 0
  },
  {
    "id": "8d284d63-1ca6-476b-ab77-079f5af871a7",
    "data": [
      {
        "text": "✌🏽",
        "userDefined": false
      }
    ],
    "isTemplate": false,
    "count": 0,
    "updated": 0
  },
  {
    "id": "615b878d-96c7-4744-8569-6d34604378a2",
    "data": [
      {
        "text": "✌🏾",
        "userDefined": false
      }
    ],
    "isTemplate": false,
    "count": 0,
    "updated": 0
  },
  {
    "id": "6e17f64f-71ba-44a0-a688-394d112b6fb4",
    "data": [
      {
        "text": "✌🏿",
        "userDefined": false
      }
    ],
    "isTemplate": false,
    "count": 0,
    "updated": 0
  },
  {
    "id": "ec0d005f-9d00-4586-ab06-e5843576cb06",
    "data": [
      {
        "text": "👌",
        "userDefined": false
      }
    ],
    "isTemplate": false,
    "count": 0,
    "updated": 0
  },
  {
    "id": "4314ce87-9f6f-484b-8ba5-8df7d354e21f",
    "data": [
      {
        "text": "👌🏻",
        "userDefined": false
      }
    ],
    "isTemplate": false,
    "count": 0,
    "updated": 0
  },
  {
    "id": "5021b55d-2354-4aff-9a4c-5131ea71342f",
    "data": [
      {
        "text": "👌🏼",
        "userDefined": false
      }
    ],
    "isTemplate": false,
    "count": 0,
    "updated": 0
  },
  {
    "id": "02a482e0-11fb-4ccd-b47e-6d72f1c70e83",
    "data": [
      {
        "text": "👌🏽",
        "userDefined": false
      }
    ],
    "isTemplate": false,
    "count": 0,
    "updated": 0
  },
  {
    "id": "dba8e6fb-7709-4a80-aefc-a23a12847e46",
    "data": [
      {
        "text": "👌🏾",
        "userDefined": false
      }
    ],
    "isTemplate": false,
    "count": 0,
    "updated": 0
  },
  {
    "id": "f4b73949-1183-4adb-8a4c-2491fadb38f7",
    "data": [
      {
        "text": "👌🏿",
        "userDefined": false
      }
    ],
    "isTemplate": false,
    "count": 0,
    "updated": 0
  },
  {
    "id": "28a19448-3df0-4b3d-8027-f5730e7203d4",
    "data": [
      {
        "text": "✋",
        "userDefined": false
      }
    ],
    "isTemplate": false,
    "count": 0,
    "updated": 0
  },
  {
    "id": "49332e57-a6b8-4cb4-a453-7163d583ee91",
    "data": [
      {
        "text": "✋🏻",
        "userDefined": false
      }
    ],
    "isTemplate": false,
    "count": 0,
    "updated": 0
  },
  {
    "id": "89980058-bd64-4e5a-83f2-098fbf619ffe",
    "data": [
      {
        "text": "✋🏼",
        "userDefined": false
      }
    ],
    "isTemplate": false,
    "count": 0,
    "updated": 0
  },
  {
    "id": "c2355854-90e0-4491-b858-7c11b9f67d4e",
    "data": [
      {
        "text": "✋🏽",
        "userDefined": false
      }
    ],
    "isTemplate": false,
    "count": 0,
    "updated": 0
  },
  {
    "id": "78867f6a-8421-4679-9713-a532bae5af69",
    "data": [
      {
        "text": "✋🏾",
        "userDefined": false
      }
    ],
    "isTemplate": false,
    "count": 0,
    "updated": 0
  },
  {
    "id": "1c59ec53-7365-46a4-9d6e-e91ec5283d46",
    "data": [
      {
        "text": "✋🏿",
        "userDefined": false
      }
    ],
    "isTemplate": false,
    "count": 0,
    "updated": 0
  },
  {
    "id": "bb5f5a9a-bde1-4891-8f28-15c655e0fae2",
    "data": [
      {
        "text": "👐",
        "userDefined": false
      }
    ],
    "isTemplate": false,
    "count": 0,
    "updated": 0
  },
  {
    "id": "8a6abc49-6098-4fc2-8784-c005897d0ef2",
    "data": [
      {
        "text": "👐🏻",
        "userDefined": false
      }
    ],
    "isTemplate": false,
    "count": 0,
    "updated": 0
  },
  {
    "id": "9bab5181-c574-4cdc-86e9-15c7afd5445e",
    "data": [
      {
        "text": "👐🏼",
        "userDefined": false
      }
    ],
    "isTemplate": false,
    "count": 0,
    "updated": 0
  },
  {
    "id": "193efb46-8906-4971-80a2-ac81dabdc91f",
    "data": [
      {
        "text": "👐🏽",
        "userDefined": false
      }
    ],
    "isTemplate": false,
    "count": 0,
    "updated": 0
  },
  {
    "id": "3e3a7243-0875-4fb0-9a68-6590bf568c69",
    "data": [
      {
        "text": "👐🏾",
        "userDefined": false
      }
    ],
    "isTemplate": false,
    "count": 0,
    "updated": 0
  },
  {
    "id": "18d0bd4b-bb58-4576-bc40-fc8f003b6548",
    "data": [
      {
        "text": "👐🏿",
        "userDefined": false
      }
    ],
    "isTemplate": false,
    "count": 0,
    "updated": 0
  },
  {
    "id": "e864c91b-b7b6-4140-af3a-36922dac3700",
    "data": [
      {
        "text": "💪",
        "userDefined": false
      }
    ],
    "isTemplate": false,
    "count": 0,
    "updated": 0
  },
  {
    "id": "b294a955-4904-49e3-8c0a-b0dc76f7ee82",
    "data": [
      {
        "text": "💪🏻",
        "userDefined": false
      }
    ],
    "isTemplate": false,
    "count": 0,
    "updated": 0
  },
  {
    "id": "85d4a14b-7c07-4f3a-affe-1922bba0e41c",
    "data": [
      {
        "text": "💪🏼",
        "userDefined": false
      }
    ],
    "isTemplate": false,
    "count": 0,
    "updated": 0
  },
  {
    "id": "cde7b11e-3538-4059-b9df-d629dd8e7d8f",
    "data": [
      {
        "text": "💪🏽",
        "userDefined": false
      }
    ],
    "isTemplate": false,
    "count": 0,
    "updated": 0
  },
  {
    "id": "297ca263-0124-40a7-9d6f-b9ee11d9e510",
    "data": [
      {
        "text": "💪🏾",
        "userDefined": false
      }
    ],
    "isTemplate": false,
    "count": 0,
    "updated": 0
  },
  {
    "id": "bbf82d73-c61c-4295-bcf6-356ecb611109",
    "data": [
      {
        "text": "💪🏿",
        "userDefined": false
      }
    ],
    "isTemplate": false,
    "count": 0,
    "updated": 0
  },
  {
    "id": "aeb14c26-b925-4ce5-85d8-7239df86ae0a",
    "data": [
      {
        "text": "🙏",
        "userDefined": false
      }
    ],
    "isTemplate": false,
    "count": 0,
    "updated": 0
  },
  {
    "id": "7e4aa4db-b588-4e75-bb8b-588a029f21b6",
    "data": [
      {
        "text": "🙏🏻",
        "userDefined": false
      }
    ],
    "isTemplate": false,
    "count": 0,
    "updated": 0
  },
  {
    "id": "cf7abdcf-d64f-46c4-a2ff-1b576c64644f",
    "data": [
      {
        "text": "🙏🏼",
        "userDefined": false
      }
    ],
    "isTemplate": false,
    "count": 0,
    "updated": 0
  },
  {
    "id": "fbaed3c1-a10b-4cd0-837b-89bdd80f47c8",
    "data": [
      {
        "text": "🙏🏽",
        "userDefined": false
      }
    ],
    "isTemplate": false,
    "count": 0,
    "updated": 0
  },
  {
    "id": "60260f28-fd07-412a-82b3-bdd32b2a8c7f",
    "data": [
      {
        "text": "🙏🏾",
        "userDefined": false
      }
    ],
    "isTemplate": false,
    "count": 0,
    "updated": 0
  },
  {
    "id": "c48a434b-584c-44e3-a75a-b8d94e628a5d",
    "data": [
      {
        "text": "🙏🏿",
        "userDefined": false
      }
    ],
    "isTemplate": false,
    "count": 0,
    "updated": 0
  },
  {
    "id": "0e4b4846-8c4e-484b-a5d3-8942131214c8",
    "data": [
      {
        "text": "☝",
        "userDefined": false
      }
    ],
    "isTemplate": false,
    "count": 0,
    "updated": 0
  },
  {
    "id": "fd7917f9-5914-43a6-9c53-70d71f405cff",
    "data": [
      {
        "text": "☝🏻",
        "userDefined": false
      }
    ],
    "isTemplate": false,
    "count": 0,
    "updated": 0
  },
  {
    "id": "0f058f67-c970-4c86-ba9c-ba2a8e70b746",
    "data": [
      {
        "text": "☝🏼",
        "userDefined": false
      }
    ],
    "isTemplate": false,
    "count": 0,
    "updated": 0
  },
  {
    "id": "a6106736-7ccf-4ba5-9e19-d98bd00899ac",
    "data": [
      {
        "text": "☝🏽",
        "userDefined": false
      }
    ],
    "isTemplate": false,
    "count": 0,
    "updated": 0
  },
  {
    "id": "c7ce80a3-be89-40ab-a8c0-a80a0f962263",
    "data": [
      {
        "text": "☝🏾",
        "userDefined": false
      }
    ],
    "isTemplate": false,
    "count": 0,
    "updated": 0
  },
  {
    "id": "99321af9-77e6-4afa-b8f9-29d85712198e",
    "data": [
      {
        "text": "☝🏿",
        "userDefined": false
      }
    ],
    "isTemplate": false,
    "count": 0,
    "updated": 0
  },
  {
    "id": "f215a37a-197c-4263-929d-ae525942387d",
    "data": [
      {
        "text": "👆",
        "userDefined": false
      }
    ],
    "isTemplate": false,
    "count": 0,
    "updated": 0
  },
  {
    "id": "0d704e33-c927-4f10-a395-053993feced3",
    "data": [
      {
        "text": "👆🏻",
        "userDefined": false
      }
    ],
    "isTemplate": false,
    "count": 0,
    "updated": 0
  },
  {
    "id": "f2f0ac2c-b173-48ad-a23e-662930a07f66",
    "data": [
      {
        "text": "👆🏼",
        "userDefined": false
      }
    ],
    "isTemplate": false,
    "count": 0,
    "updated": 0
  },
  {
    "id": "6a91a3ef-4c08-421b-8098-a52df1d4e90e",
    "data": [
      {
        "text": "👆🏽",
        "userDefined": false
      }
    ],
    "isTemplate": false,
    "count": 0,
    "updated": 0
  },
  {
    "id": "c2a1bd04-6d42-4c06-8c65-7b4d5454b3c0",
    "data": [
      {
        "text": "👆🏾",
        "userDefined": false
      }
    ],
    "isTemplate": false,
    "count": 0,
    "updated": 0
  },
  {
    "id": "9d9eb3f3-2cfc-47ce-8e17-bcd41ce5f9d8",
    "data": [
      {
        "text": "👆🏿",
        "userDefined": false
      }
    ],
    "isTemplate": false,
    "count": 0,
    "updated": 0
  },
  {
    "id": "42699762-0a24-4972-8a3a-0aab397c4ba8",
    "data": [
      {
        "text": "👇",
        "userDefined": false
      }
    ],
    "isTemplate": false,
    "count": 0,
    "updated": 0
  },
  {
    "id": "32250fc8-0d89-4dac-8d80-5df8a9bb21e6",
    "data": [
      {
        "text": "👇🏻",
        "userDefined": false
      }
    ],
    "isTemplate": false,
    "count": 0,
    "updated": 0
  },
  {
    "id": "383ae425-7014-42c0-86b6-54e3109ad82d",
    "data": [
      {
        "text": "👇🏼",
        "userDefined": false
      }
    ],
    "isTemplate": false,
    "count": 0,
    "updated": 0
  },
  {
    "id": "846cee43-8ef9-42cf-aa1a-2fabe9a79807",
    "data": [
      {
        "text": "👇🏽",
        "userDefined": false
      }
    ],
    "isTemplate": false,
    "count": 0,
    "updated": 0
  },
  {
    "id": "5f0c3ba0-a849-4497-b6f2-793c2d69920e",
    "data": [
      {
        "text": "👇🏾",
        "userDefined": false
      }
    ],
    "isTemplate": false,
    "count": 0,
    "updated": 0
  },
  {
    "id": "d964ef3f-6983-4805-9e39-3dc5c07d41ef",
    "data": [
      {
        "text": "👇🏿",
        "userDefined": false
      }
    ],
    "isTemplate": false,
    "count": 0,
    "updated": 0
  },
  {
    "id": "e702f25e-6134-423c-bafa-5270da9e8b86",
    "data": [
      {
        "text": "👈",
        "userDefined": false
      }
    ],
    "isTemplate": false,
    "count": 0,
    "updated": 0
  },
  {
    "id": "2fb0573f-b0da-4d4a-bcfe-fee4f41a5d08",
    "data": [
      {
        "text": "👈🏻",
        "userDefined": false
      }
    ],
    "isTemplate": false,
    "count": 0,
    "updated": 0
  },
  {
    "id": "6e9f5da9-e30b-4e1a-833c-931e50651f65",
    "data": [
      {
        "text": "👈🏼",
        "userDefined": false
      }
    ],
    "isTemplate": false,
    "count": 0,
    "updated": 0
  },
  {
    "id": "6cf00000-3a3f-424c-a0c4-d9676149930b",
    "data": [
      {
        "text": "👈🏽",
        "userDefined": false
      }
    ],
    "isTemplate": false,
    "count": 0,
    "updated": 0
  },
  {
    "id": "ac0d1dd6-29b7-4ac6-bc47-8e4888fe7f54",
    "data": [
      {
        "text": "👈🏾",
        "userDefined": false
      }
    ],
    "isTemplate": false,
    "count": 0,
    "updated": 0
  },
  {
    "id": "2baa34ef-1f56-4b77-9c29-dfe62ea3fae2",
    "data": [
      {
        "text": "👈🏿",
        "userDefined": false
      }
    ],
    "isTemplate": false,
    "count": 0,
    "updated": 0
  },
  {
    "id": "4a5b7548-de16-40d1-9b13-877310b7c3b4",
    "data": [
      {
        "text": "👉",
        "userDefined": false
      }
    ],
    "isTemplate": false,
    "count": 0,
    "updated": 0
  },
  {
    "id": "b6a826cd-ba60-45b6-8b53-54202bcac63a",
    "data": [
      {
        "text": "👉🏻",
        "userDefined": false
      }
    ],
    "isTemplate": false,
    "count": 0,
    "updated": 0
  },
  {
    "id": "fb38c855-c558-48eb-ae28-5053250a3e99",
    "data": [
      {
        "text": "👉🏼",
        "userDefined": false
      }
    ],
    "isTemplate": false,
    "count": 0,
    "updated": 0
  },
  {
    "id": "3367f89f-e2ce-4f02-8464-d1549aaaa8a1",
    "data": [
      {
        "text": "👉🏽",
        "userDefined": false
      }
    ],
    "isTemplate": false,
    "count": 0,
    "updated": 0
  },
  {
    "id": "9338caf9-80f5-4afb-9762-17571831a742",
    "data": [
      {
        "text": "👉🏾",
        "userDefined": false
      }
    ],
    "isTemplate": false,
    "count": 0,
    "updated": 0
  },
  {
    "id": "a556aa48-57e1-4597-ba5f-e1bffbb5987d",
    "data": [
      {
        "text": "👉🏿",
        "userDefined": false
      }
    ],
    "isTemplate": false,
    "count": 0,
    "updated": 0
  },
  {
    "id": "7e77122f-624f-4d6b-8a3e-453ee2172360",
    "data": [
      {
        "text": "🖕",
        "userDefined": false
      }
    ],
    "isTemplate": false,
    "count": 0,
    "updated": 0
  },
  {
    "id": "fcd7a945-3e2b-4d29-a01c-4348bc9cfb96",
    "data": [
      {
        "text": "🖕🏻",
        "userDefined": false
      }
    ],
    "isTemplate": false,
    "count": 0,
    "updated": 0
  },
  {
    "id": "2312ed5f-9844-4999-8de4-d6db00db3cd3",
    "data": [
      {
        "text": "🖕🏼",
        "userDefined": false
      }
    ],
    "isTemplate": false,
    "count": 0,
    "updated": 0
  },
  {
    "id": "8844f2c2-c786-4cce-87e0-4ca77dce0daa",
    "data": [
      {
        "text": "🖕🏽",
        "userDefined": false
      }
    ],
    "isTemplate": false,
    "count": 0,
    "updated": 0
  },
  {
    "id": "35e9ce9e-4562-4416-986a-b5c0e70e46d7",
    "data": [
      {
        "text": "🖕🏾",
        "userDefined": false
      }
    ],
    "isTemplate": false,
    "count": 0,
    "updated": 0
  },
  {
    "id": "695df897-837a-426c-977f-09bcef5ee288",
    "data": [
      {
        "text": "🖕🏿",
        "userDefined": false
      }
    ],
    "isTemplate": false,
    "count": 0,
    "updated": 0
  },
  {
    "id": "e931f9fd-58a9-4345-892f-7f51f6847b98",
    "data": [
      {
        "text": "🖐",
        "userDefined": false
      }
    ],
    "isTemplate": false,
    "count": 0,
    "updated": 0
  },
  {
    "id": "8ed2ca8d-7003-42df-919d-afd4003bf2cf",
    "data": [
      {
        "text": "🖐🏻",
        "userDefined": false
      }
    ],
    "isTemplate": false,
    "count": 0,
    "updated": 0
  },
  {
    "id": "90ffbed0-1d23-43d5-9985-694ff1bfbaa0",
    "data": [
      {
        "text": "🖐🏼",
        "userDefined": false
      }
    ],
    "isTemplate": false,
    "count": 0,
    "updated": 0
  },
  {
    "id": "77327915-f2c2-4e5c-a8ab-bcbca6bbfd43",
    "data": [
      {
        "text": "🖐🏽",
        "userDefined": false
      }
    ],
    "isTemplate": false,
    "count": 0,
    "updated": 0
  },
  {
    "id": "723447de-80dd-490c-a99c-75b07e0bdf4b",
    "data": [
      {
        "text": "🖐🏾",
        "userDefined": false
      }
    ],
    "isTemplate": false,
    "count": 0,
    "updated": 0
  },
  {
    "id": "7dc7ebca-46c7-4bd6-8f95-8e7c4efec403",
    "data": [
      {
        "text": "🖐🏿",
        "userDefined": false
      }
    ],
    "isTemplate": false,
    "count": 0,
    "updated": 0
  },
  {
    "id": "08fc0365-f46d-4e67-93da-cc509700a64c",
    "data": [
      {
        "text": "🤘",
        "userDefined": false
      }
    ],
    "isTemplate": false,
    "count": 0,
    "updated": 0
  },
  {
    "id": "8bb75d45-b3df-4f67-b43a-4cf483f673ae",
    "data": [
      {
        "text": "🤘🏻",
        "userDefined": false
      }
    ],
    "isTemplate": false,
    "count": 0,
    "updated": 0
  },
  {
    "id": "72f7b255-e61d-434e-aebb-19495ddd0695",
    "data": [
      {
        "text": "🤘🏼",
        "userDefined": false
      }
    ],
    "isTemplate": false,
    "count": 0,
    "updated": 0
  },
  {
    "id": "c4f72413-7b8f-41c1-9bc0-0b44bb663a77",
    "data": [
      {
        "text": "🤘🏽",
        "userDefined": false
      }
    ],
    "isTemplate": false,
    "count": 0,
    "updated": 0
  },
  {
    "id": "a5b4ddd7-9f76-4453-8ae1-8f7ddb2bdf4b",
    "data": [
      {
        "text": "🤘🏾",
        "userDefined": false
      }
    ],
    "isTemplate": false,
    "count": 0,
    "updated": 0
  },
  {
    "id": "7fcb751e-f6ad-49d7-a873-5e9ee038b048",
    "data": [
      {
        "text": "🤘🏿",
        "userDefined": false
      }
    ],
    "isTemplate": false,
    "count": 0,
    "updated": 0
  },
  {
    "id": "666d68f7-122e-4db2-b3fd-d83ef96770f9",
    "data": [
      {
        "text": "🖖",
        "userDefined": false
      }
    ],
    "isTemplate": false,
    "count": 0,
    "updated": 0
  },
  {
    "id": "34234802-21f2-449f-988a-3df2dd2c2394",
    "data": [
      {
        "text": "🖖🏻",
        "userDefined": false
      }
    ],
    "isTemplate": false,
    "count": 0,
    "updated": 0
  },
  {
    "id": "9a044e8b-b48a-4c9c-9183-5d506f13d75b",
    "data": [
      {
        "text": "🖖🏼",
        "userDefined": false
      }
    ],
    "isTemplate": false,
    "count": 0,
    "updated": 0
  },
  {
    "id": "3977f088-806c-421c-8c09-9ea7b6755344",
    "data": [
      {
        "text": "🖖🏽",
        "userDefined": false
      }
    ],
    "isTemplate": false,
    "count": 0,
    "updated": 0
  },
  {
    "id": "f35825cc-293a-4334-a1c3-f3a305594b2c",
    "data": [
      {
        "text": "🖖🏾",
        "userDefined": false
      }
    ],
    "isTemplate": false,
    "count": 0,
    "updated": 0
  },
  {
    "id": "d4c68200-409f-480e-bc76-ae2617469cec",
    "data": [
      {
        "text": "🖖🏿",
        "userDefined": false
      }
    ],
    "isTemplate": false,
    "count": 0,
    "updated": 0
  },
  {
    "id": "53afbcbc-f26f-4af4-a0a2-f5f0a767cf07",
    "data": [
      {
        "text": "✍",
        "userDefined": false
      }
    ],
    "isTemplate": false,
    "count": 0,
    "updated": 0
  },
  {
    "id": "af0a2de0-d00b-4e87-baa1-56d16979ab0a",
    "data": [
      {
        "text": "✍🏻",
        "userDefined": false
      }
    ],
    "isTemplate": false,
    "count": 0,
    "updated": 0
  },
  {
    "id": "72407200-f660-45ff-b48c-d19ea24d9abd",
    "data": [
      {
        "text": "✍🏼",
        "userDefined": false
      }
    ],
    "isTemplate": false,
    "count": 0,
    "updated": 0
  },
  {
    "id": "3006ef2e-fbfb-40ea-a5ec-b777bbcc2c38",
    "data": [
      {
        "text": "✍🏽",
        "userDefined": false
      }
    ],
    "isTemplate": false,
    "count": 0,
    "updated": 0
  },
  {
    "id": "a6a1d003-1fc6-46fc-bafc-d9ead0a330b1",
    "data": [
      {
        "text": "✍🏾",
        "userDefined": false
      }
    ],
    "isTemplate": false,
    "count": 0,
    "updated": 0
  },
  {
    "id": "328ace69-738e-4f40-8005-037fe621f0be",
    "data": [
      {
        "text": "✍🏿",
        "userDefined": false
      }
    ],
    "isTemplate": false,
    "count": 0,
    "updated": 0
  },
  {
    "id": "adc2cd91-7556-4d9a-93f8-92093f11d042",
    "data": [
      {
        "text": "💅",
        "userDefined": false
      }
    ],
    "isTemplate": false,
    "count": 0,
    "updated": 0
  },
  {
    "id": "d76a4054-b0b6-405a-8d76-6d4f96d30e05",
    "data": [
      {
        "text": "💅🏻",
        "userDefined": false
      }
    ],
    "isTemplate": false,
    "count": 0,
    "updated": 0
  },
  {
    "id": "e13b445b-3df5-46a0-9b98-caaeeffb8fe6",
    "data": [
      {
        "text": "💅🏼",
        "userDefined": false
      }
    ],
    "isTemplate": false,
    "count": 0,
    "updated": 0
  },
  {
    "id": "3462c83c-733c-4299-b008-fe8246fdd07e",
    "data": [
      {
        "text": "💅🏽",
        "userDefined": false
      }
    ],
    "isTemplate": false,
    "count": 0,
    "updated": 0
  },
  {
    "id": "70ef3732-ed4c-424f-bb5a-077faf40b232",
    "data": [
      {
        "text": "💅🏾",
        "userDefined": false
      }
    ],
    "isTemplate": false,
    "count": 0,
    "updated": 0
  },
  {
    "id": "7d1b1705-f2a6-4949-a50d-f2d38ebb8ecf",
    "data": [
      {
        "text": "💅🏿",
        "userDefined": false
      }
    ],
    "isTemplate": false,
    "count": 0,
    "updated": 0
  },
  {
    "id": "0df1f12e-4920-4054-9664-dc5a024b08c6",
    "data": [
      {
        "text": "👄",
        "userDefined": false
      }
    ],
    "isTemplate": false,
    "count": 0,
    "updated": 0
  },
  {
    "id": "fe89d4cf-936e-4b7a-a073-17a9b106b1b3",
    "data": [
      {
        "text": "👅",
        "userDefined": false
      }
    ],
    "isTemplate": false,
    "count": 0,
    "updated": 0
  },
  {
    "id": "d69d80be-b26f-4cb9-a38d-ae8644f11e68",
    "data": [
      {
        "text": "👂",
        "userDefined": false
      }
    ],
    "isTemplate": false,
    "count": 0,
    "updated": 0
  },
  {
    "id": "8f032593-e383-4266-bb67-61ed348c0e2e",
    "data": [
      {
        "text": "👂🏻",
        "userDefined": false
      }
    ],
    "isTemplate": false,
    "count": 0,
    "updated": 0
  },
  {
    "id": "20ee206a-eadf-4865-9ecc-c81df4cc8664",
    "data": [
      {
        "text": "👂🏼",
        "userDefined": false
      }
    ],
    "isTemplate": false,
    "count": 0,
    "updated": 0
  },
  {
    "id": "5f387d53-a736-480f-a2ae-66bf0d66aa61",
    "data": [
      {
        "text": "👂🏽",
        "userDefined": false
      }
    ],
    "isTemplate": false,
    "count": 0,
    "updated": 0
  },
  {
    "id": "83d92595-a371-4a61-b32d-33135061c967",
    "data": [
      {
        "text": "👂🏾",
        "userDefined": false
      }
    ],
    "isTemplate": false,
    "count": 0,
    "updated": 0
  },
  {
    "id": "acdc5bf1-7420-4131-9afb-dbd76abb9315",
    "data": [
      {
        "text": "👂🏿",
        "userDefined": false
      }
    ],
    "isTemplate": false,
    "count": 0,
    "updated": 0
  },
  {
    "id": "4309978f-297e-48d6-bce1-d50f6ac7ad61",
    "data": [
      {
        "text": "👃",
        "userDefined": false
      }
    ],
    "isTemplate": false,
    "count": 0,
    "updated": 0
  },
  {
    "id": "a10bb5a3-077b-4001-87b0-6c18564edeb7",
    "data": [
      {
        "text": "👃🏻",
        "userDefined": false
      }
    ],
    "isTemplate": false,
    "count": 0,
    "updated": 0
  },
  {
    "id": "34fe7c41-07fe-4be8-a7aa-2fb42e40b99f",
    "data": [
      {
        "text": "👃🏼",
        "userDefined": false
      }
    ],
    "isTemplate": false,
    "count": 0,
    "updated": 0
  },
  {
    "id": "b71e6677-3915-4cc0-848f-fd9d8e5316f9",
    "data": [
      {
        "text": "👃🏽",
        "userDefined": false
      }
    ],
    "isTemplate": false,
    "count": 0,
    "updated": 0
  },
  {
    "id": "767e0380-906a-49bc-9fe0-e830a22b4f08",
    "data": [
      {
        "text": "👃🏾",
        "userDefined": false
      }
    ],
    "isTemplate": false,
    "count": 0,
    "updated": 0
  },
  {
    "id": "6cedf077-0820-4c99-b9ed-c8689fd75584",
    "data": [
      {
        "text": "👃🏿",
        "userDefined": false
      }
    ],
    "isTemplate": false,
    "count": 0,
    "updated": 0
  },
  {
    "id": "d0d32a01-81a9-4f2f-bad4-04ff55cdcb07",
    "data": [
      {
        "text": "👁",
        "userDefined": false
      }
    ],
    "isTemplate": false,
    "count": 0,
    "updated": 0
  },
  {
    "id": "359cfa69-9a09-4787-a5f3-b79efd8442b6",
    "data": [
      {
        "text": "👀",
        "userDefined": false
      }
    ],
    "isTemplate": false,
    "count": 0,
    "updated": 0
  },
  {
    "id": "a62f09b3-fcd9-421d-bfec-3310b4d1e4e5",
    "data": [
      {
        "text": "👤",
        "userDefined": false
      }
    ],
    "isTemplate": false,
    "count": 0,
    "updated": 0
  },
  {
    "id": "fb06242e-db7d-4996-8793-2a9188e3b13f",
    "data": [
      {
        "text": "👥",
        "userDefined": false
      }
    ],
    "isTemplate": false,
    "count": 0,
    "updated": 0
  },
  {
    "id": "00a4afaf-5d16-413b-b99e-c72fab54026b",
    "data": [
      {
        "text": "🗣",
        "userDefined": false
      }
    ],
    "isTemplate": false,
    "count": 0,
    "updated": 0
  },
  {
    "id": "70644e04-7fda-4d20-9c10-66a6d6b008c7",
    "data": [
      {
        "text": "👶",
        "userDefined": false
      }
    ],
    "isTemplate": false,
    "count": 0,
    "updated": 0
  },
  {
    "id": "d1b82125-408b-467a-b689-0abe42092032",
    "data": [
      {
        "text": "👶🏻",
        "userDefined": false
      }
    ],
    "isTemplate": false,
    "count": 0,
    "updated": 0
  },
  {
    "id": "44277aea-f358-4300-9411-5bd3a7890f22",
    "data": [
      {
        "text": "👶🏼",
        "userDefined": false
      }
    ],
    "isTemplate": false,
    "count": 0,
    "updated": 0
  },
  {
    "id": "aa1d80af-f6e5-4716-a233-5203330d9082",
    "data": [
      {
        "text": "👶🏽",
        "userDefined": false
      }
    ],
    "isTemplate": false,
    "count": 0,
    "updated": 0
  },
  {
    "id": "d54e7849-b519-4813-8d9d-ba1a1dbc0b47",
    "data": [
      {
        "text": "👶🏾",
        "userDefined": false
      }
    ],
    "isTemplate": false,
    "count": 0,
    "updated": 0
  },
  {
    "id": "3eee94c4-6d80-48bc-b760-a78e657e6bcb",
    "data": [
      {
        "text": "👶🏿",
        "userDefined": false
      }
    ],
    "isTemplate": false,
    "count": 0,
    "updated": 0
  },
  {
    "id": "a0eeb4ce-ab3a-4693-87dc-6643fbc3bdaf",
    "data": [
      {
        "text": "👦",
        "userDefined": false
      }
    ],
    "isTemplate": false,
    "count": 0,
    "updated": 0
  },
  {
    "id": "74b332d8-14dc-4c42-856a-5a3c23ed65ea",
    "data": [
      {
        "text": "👦🏻",
        "userDefined": false
      }
    ],
    "isTemplate": false,
    "count": 0,
    "updated": 0
  },
  {
    "id": "0470103a-4635-4fa5-8e68-e94a6f42a528",
    "data": [
      {
        "text": "👦🏼",
        "userDefined": false
      }
    ],
    "isTemplate": false,
    "count": 0,
    "updated": 0
  },
  {
    "id": "b22a9a6a-8939-48f0-adff-256b7e21cefd",
    "data": [
      {
        "text": "👦🏽",
        "userDefined": false
      }
    ],
    "isTemplate": false,
    "count": 0,
    "updated": 0
  },
  {
    "id": "b3b4b955-e883-4505-9d47-59f6d6d51add",
    "data": [
      {
        "text": "👦🏾",
        "userDefined": false
      }
    ],
    "isTemplate": false,
    "count": 0,
    "updated": 0
  },
  {
    "id": "88f2d22c-c39c-4ef6-b3ca-611a16c7be90",
    "data": [
      {
        "text": "👦🏿",
        "userDefined": false
      }
    ],
    "isTemplate": false,
    "count": 0,
    "updated": 0
  },
  {
    "id": "af68c1a9-ba10-4fb4-b77c-c4a062d3bed9",
    "data": [
      {
        "text": "👧",
        "userDefined": false
      }
    ],
    "isTemplate": false,
    "count": 0,
    "updated": 0
  },
  {
    "id": "5fd33b3c-0327-40c4-8190-a7cab8bf5537",
    "data": [
      {
        "text": "👧🏻",
        "userDefined": false
      }
    ],
    "isTemplate": false,
    "count": 0,
    "updated": 0
  },
  {
    "id": "3d5579db-f533-4a99-9e15-953e55b334bf",
    "data": [
      {
        "text": "👧🏼",
        "userDefined": false
      }
    ],
    "isTemplate": false,
    "count": 0,
    "updated": 0
  },
  {
    "id": "2855be19-7713-409a-98e1-e2b8e66e7bfe",
    "data": [
      {
        "text": "👧🏽",
        "userDefined": false
      }
    ],
    "isTemplate": false,
    "count": 0,
    "updated": 0
  },
  {
    "id": "85156dff-a26a-4abd-afd5-d161170bb438",
    "data": [
      {
        "text": "👧🏾",
        "userDefined": false
      }
    ],
    "isTemplate": false,
    "count": 0,
    "updated": 0
  },
  {
    "id": "a6ab326b-8ba5-4544-9588-f787b7061b0c",
    "data": [
      {
        "text": "👧🏿",
        "userDefined": false
      }
    ],
    "isTemplate": false,
    "count": 0,
    "updated": 0
  },
  {
    "id": "8b1e2b2a-1b29-420b-8a04-9069d01db92e",
    "data": [
      {
        "text": "👨",
        "userDefined": false
      }
    ],
    "isTemplate": false,
    "count": 0,
    "updated": 0
  },
  {
    "id": "2f05b959-f64c-4863-87a8-c738332d6988",
    "data": [
      {
        "text": "👨🏻",
        "userDefined": false
      }
    ],
    "isTemplate": false,
    "count": 0,
    "updated": 0
  },
  {
    "id": "a00cad68-ca19-436c-970c-67933066b49f",
    "data": [
      {
        "text": "👨🏼",
        "userDefined": false
      }
    ],
    "isTemplate": false,
    "count": 0,
    "updated": 0
  },
  {
    "id": "c5691edd-f744-4673-9418-ce52be365287",
    "data": [
      {
        "text": "👨🏽",
        "userDefined": false
      }
    ],
    "isTemplate": false,
    "count": 0,
    "updated": 0
  },
  {
    "id": "a549a915-490c-4b29-8831-59a8e86eaf9e",
    "data": [
      {
        "text": "👨🏾",
        "userDefined": false
      }
    ],
    "isTemplate": false,
    "count": 0,
    "updated": 0
  },
  {
    "id": "e84db22e-6eae-41b4-95d6-d3e6025c5816",
    "data": [
      {
        "text": "👨🏿",
        "userDefined": false
      }
    ],
    "isTemplate": false,
    "count": 0,
    "updated": 0
  },
  {
    "id": "34b0c432-9659-4639-8c6e-cc5c611a2492",
    "data": [
      {
        "text": "👩",
        "userDefined": false
      }
    ],
    "isTemplate": false,
    "count": 0,
    "updated": 0
  },
  {
    "id": "1094387c-9dc3-4ce4-bdc4-413bd4cb362c",
    "data": [
      {
        "text": "👩🏻",
        "userDefined": false
      }
    ],
    "isTemplate": false,
    "count": 0,
    "updated": 0
  },
  {
    "id": "a7ca1631-3f33-4b0f-916f-38488941b949",
    "data": [
      {
        "text": "👩🏼",
        "userDefined": false
      }
    ],
    "isTemplate": false,
    "count": 0,
    "updated": 0
  },
  {
    "id": "a4ffaca6-9e80-4c63-9d30-31edc5984382",
    "data": [
      {
        "text": "👩🏽",
        "userDefined": false
      }
    ],
    "isTemplate": false,
    "count": 0,
    "updated": 0
  },
  {
    "id": "cf4e6ba4-955e-4fda-8fdf-43113b0201e1",
    "data": [
      {
        "text": "👩🏾",
        "userDefined": false
      }
    ],
    "isTemplate": false,
    "count": 0,
    "updated": 0
  },
  {
    "id": "b5313f37-5d69-4f12-8def-e2e2e2d7f1cf",
    "data": [
      {
        "text": "👩🏿",
        "userDefined": false
      }
    ],
    "isTemplate": false,
    "count": 0,
    "updated": 0
  },
  {
    "id": "d92bbbe4-c642-4ddc-a9dc-a7ca6e21f246",
    "data": [
      {
        "text": "👱",
        "userDefined": false
      }
    ],
    "isTemplate": false,
    "count": 0,
    "updated": 0
  },
  {
    "id": "49e8c7ae-6611-4be8-856c-ad17a7c8c764",
    "data": [
      {
        "text": "👱🏻",
        "userDefined": false
      }
    ],
    "isTemplate": false,
    "count": 0,
    "updated": 0
  },
  {
    "id": "c4c18478-eb32-4ff3-be8f-238fbc2c2c33",
    "data": [
      {
        "text": "👱🏼",
        "userDefined": false
      }
    ],
    "isTemplate": false,
    "count": 0,
    "updated": 0
  },
  {
    "id": "747b32ad-9a3e-415d-91b4-0a04016e0f66",
    "data": [
      {
        "text": "👱🏽",
        "userDefined": false
      }
    ],
    "isTemplate": false,
    "count": 0,
    "updated": 0
  },
  {
    "id": "6e0d9b83-3664-47db-a1bc-21dff984f119",
    "data": [
      {
        "text": "👱🏾",
        "userDefined": false
      }
    ],
    "isTemplate": false,
    "count": 0,
    "updated": 0
  },
  {
    "id": "29bf9191-40c4-4f46-bb61-cc6e323441a1",
    "data": [
      {
        "text": "👱🏿",
        "userDefined": false
      }
    ],
    "isTemplate": false,
    "count": 0,
    "updated": 0
  },
  {
    "id": "5b798b78-0dc4-4956-89b2-72beb99920bf",
    "data": [
      {
        "text": "👴",
        "userDefined": false
      }
    ],
    "isTemplate": false,
    "count": 0,
    "updated": 0
  },
  {
    "id": "9e016c88-4455-43fe-a0ef-4017e74e319a",
    "data": [
      {
        "text": "👴🏻",
        "userDefined": false
      }
    ],
    "isTemplate": false,
    "count": 0,
    "updated": 0
  },
  {
    "id": "feef0076-ab83-41be-8a28-15c339acb0e1",
    "data": [
      {
        "text": "👴🏼",
        "userDefined": false
      }
    ],
    "isTemplate": false,
    "count": 0,
    "updated": 0
  },
  {
    "id": "22cca6e6-7b8e-480f-b95d-847fe9ce8b0c",
    "data": [
      {
        "text": "👴🏽",
        "userDefined": false
      }
    ],
    "isTemplate": false,
    "count": 0,
    "updated": 0
  },
  {
    "id": "89ad78b7-4222-425a-84e4-f816e0a8e364",
    "data": [
      {
        "text": "👴🏾",
        "userDefined": false
      }
    ],
    "isTemplate": false,
    "count": 0,
    "updated": 0
  },
  {
    "id": "9d238a59-93e2-43e0-a5a4-7c13fb922eaf",
    "data": [
      {
        "text": "👴🏿",
        "userDefined": false
      }
    ],
    "isTemplate": false,
    "count": 0,
    "updated": 0
  },
  {
    "id": "659140ad-1fd3-473b-a27c-fd7c06db571b",
    "data": [
      {
        "text": "👵",
        "userDefined": false
      }
    ],
    "isTemplate": false,
    "count": 0,
    "updated": 0
  },
  {
    "id": "3191f945-f009-43f6-b066-329aaf2427fe",
    "data": [
      {
        "text": "👵🏻",
        "userDefined": false
      }
    ],
    "isTemplate": false,
    "count": 0,
    "updated": 0
  },
  {
    "id": "1088d3cb-dd1a-4476-bcc0-0b50e4c312f7",
    "data": [
      {
        "text": "👵🏼",
        "userDefined": false
      }
    ],
    "isTemplate": false,
    "count": 0,
    "updated": 0
  },
  {
    "id": "74a2134d-cdb3-41a3-b062-e6e0417ebc2a",
    "data": [
      {
        "text": "👵🏽",
        "userDefined": false
      }
    ],
    "isTemplate": false,
    "count": 0,
    "updated": 0
  },
  {
    "id": "f37b92c4-d444-4253-819c-616871afc26d",
    "data": [
      {
        "text": "👵🏾",
        "userDefined": false
      }
    ],
    "isTemplate": false,
    "count": 0,
    "updated": 0
  },
  {
    "id": "c781a747-c668-44e9-8db0-20ee504e0fa3",
    "data": [
      {
        "text": "👵🏿",
        "userDefined": false
      }
    ],
    "isTemplate": false,
    "count": 0,
    "updated": 0
  },
  {
    "id": "3c97c41d-b902-4525-9bb3-8e1ff634e980",
    "data": [
      {
        "text": "👲",
        "userDefined": false
      }
    ],
    "isTemplate": false,
    "count": 0,
    "updated": 0
  },
  {
    "id": "eac54418-0299-49ba-94fb-08d2a7426796",
    "data": [
      {
        "text": "👲🏼",
        "userDefined": false
      }
    ],
    "isTemplate": false,
    "count": 1,
    "updated": 0
  },
  {
    "id": "cdc6b3a2-e00a-4261-92aa-23c1c47b17d9",
    "data": [
      {
        "text": "👲🏽",
        "userDefined": false
      }
    ],
    "isTemplate": false,
    "count": 0,
    "updated": 0
  },
  {
    "id": "06d220f3-c390-4539-bac2-1ff403508235",
    "data": [
      {
        "text": "👲🏾",
        "userDefined": false
      }
    ],
    "isTemplate": false,
    "count": 0,
    "updated": 0
  },
  {
    "id": "c3bcef4f-d076-4814-9cbf-dc1b2ab82fce",
    "data": [
      {
        "text": "👲🏿",
        "userDefined": false
      }
    ],
    "isTemplate": false,
    "count": 0,
    "updated": 0
  },
  {
    "id": "ebc845d3-c6b9-44d6-a64f-45c60e63ecfa",
    "data": [
      {
        "text": "👳",
        "userDefined": false
      }
    ],
    "isTemplate": false,
    "count": 0,
    "updated": 0
  },
  {
    "id": "61eeea18-6e4d-47a6-bcde-6cbc87bca454",
    "data": [
      {
        "text": "👳🏻",
        "userDefined": false
      }
    ],
    "isTemplate": false,
    "count": 0,
    "updated": 0
  },
  {
    "id": "6655833c-bb2f-4af0-b84f-74ad0c9b43be",
    "data": [
      {
        "text": "👳🏼",
        "userDefined": false
      }
    ],
    "isTemplate": false,
    "count": 0,
    "updated": 0
  },
  {
    "id": "92c1c4f9-b130-40e5-9c0c-2f377c2bc02b",
    "data": [
      {
        "text": "👳🏽",
        "userDefined": false
      }
    ],
    "isTemplate": false,
    "count": 0,
    "updated": 0
  },
  {
    "id": "3610ddb6-f18f-4fbf-9045-38a7b5328546",
    "data": [
      {
        "text": "👳🏾",
        "userDefined": false
      }
    ],
    "isTemplate": false,
    "count": 0,
    "updated": 0
  },
  {
    "id": "e4fddb2c-4007-43e8-b1ab-49f437229525",
    "data": [
      {
        "text": "👳🏿",
        "userDefined": false
      }
    ],
    "isTemplate": false,
    "count": 0,
    "updated": 0
  },
  {
    "id": "731fbc4a-a51c-49f6-974e-106e34f0fc9f",
    "data": [
      {
        "text": "👮",
        "userDefined": false
      }
    ],
    "isTemplate": false,
    "count": 0,
    "updated": 0
  },
  {
    "id": "425b72d3-e7f7-4c70-b035-60995d53ad19",
    "data": [
      {
        "text": "👮🏻",
        "userDefined": false
      }
    ],
    "isTemplate": false,
    "count": 0,
    "updated": 0
  },
  {
    "id": "1c236510-a328-446a-9abf-a5ace2cda3b9",
    "data": [
      {
        "text": "👮🏼",
        "userDefined": false
      }
    ],
    "isTemplate": false,
    "count": 0,
    "updated": 0
  },
  {
    "id": "f8d91923-793c-4037-8e3f-068053e22ca5",
    "data": [
      {
        "text": "👮🏽",
        "userDefined": false
      }
    ],
    "isTemplate": false,
    "count": 0,
    "updated": 0
  },
  {
    "id": "53ae3d5a-ed61-40fc-890d-d265ac206508",
    "data": [
      {
        "text": "👮🏾",
        "userDefined": false
      }
    ],
    "isTemplate": false,
    "count": 0,
    "updated": 0
  },
  {
    "id": "28ddb09f-6152-4149-b774-c50d9ef21c5f",
    "data": [
      {
        "text": "👮🏿",
        "userDefined": false
      }
    ],
    "isTemplate": false,
    "count": 0,
    "updated": 0
  },
  {
    "id": "04657ca0-a0ca-4b07-979c-0b33fcaee1f6",
    "data": [
      {
        "text": "👷",
        "userDefined": false
      }
    ],
    "isTemplate": false,
    "count": 0,
    "updated": 0
  },
  {
    "id": "b4470d8e-7161-4a32-805a-a02a6b46b192",
    "data": [
      {
        "text": "👷🏻",
        "userDefined": false
      }
    ],
    "isTemplate": false,
    "count": 0,
    "updated": 0
  },
  {
    "id": "93797703-8fbc-45e0-bb94-7cbc2e4abcf0",
    "data": [
      {
        "text": "👷🏼",
        "userDefined": false
      }
    ],
    "isTemplate": false,
    "count": 0,
    "updated": 0
  },
  {
    "id": "fe22b5aa-1d66-4d23-989d-e2be15844792",
    "data": [
      {
        "text": "👷🏽",
        "userDefined": false
      }
    ],
    "isTemplate": false,
    "count": 0,
    "updated": 0
  },
  {
    "id": "01a12d9d-a582-4d86-94a0-f5cd29618301",
    "data": [
      {
        "text": "👷🏾",
        "userDefined": false
      }
    ],
    "isTemplate": false,
    "count": 0,
    "updated": 0
  },
  {
    "id": "b8260c6a-659e-4aec-8ab9-6bb15fb086e8",
    "data": [
      {
        "text": "👷🏿",
        "userDefined": false
      }
    ],
    "isTemplate": false,
    "count": 0,
    "updated": 0
  },
  {
    "id": "b18995f1-5a92-49b7-8079-be390464939f",
    "data": [
      {
        "text": "💂",
        "userDefined": false
      }
    ],
    "isTemplate": false,
    "count": 0,
    "updated": 0
  },
  {
    "id": "e5723cf5-8f17-48c9-8c03-e8af03e80941",
    "data": [
      {
        "text": "💂🏻",
        "userDefined": false
      }
    ],
    "isTemplate": false,
    "count": 0,
    "updated": 0
  },
  {
    "id": "6ef99463-c7ae-4162-81fc-70a93134888e",
    "data": [
      {
        "text": "💂🏼",
        "userDefined": false
      }
    ],
    "isTemplate": false,
    "count": 0,
    "updated": 0
  },
  {
    "id": "4083f370-a740-4baa-8765-7037ed7ef93b",
    "data": [
      {
        "text": "💂🏽",
        "userDefined": false
      }
    ],
    "isTemplate": false,
    "count": 0,
    "updated": 0
  },
  {
    "id": "d76eeb7f-2b77-441e-94da-231b8b01ec4a",
    "data": [
      {
        "text": "💂🏾",
        "userDefined": false
      }
    ],
    "isTemplate": false,
    "count": 0,
    "updated": 0
  },
  {
    "id": "87c9d357-eb19-4e90-b96b-ac7c8fdd82a9",
    "data": [
      {
        "text": "💂🏿",
        "userDefined": false
      }
    ],
    "isTemplate": false,
    "count": 0,
    "updated": 0
  },
  {
    "id": "72ed2409-e588-4a8f-81b4-e536d7647318",
    "data": [
      {
        "text": "🕵",
        "userDefined": false
      }
    ],
    "isTemplate": false,
    "count": 0,
    "updated": 0
  },
  {
    "id": "3e38c881-e794-455b-a6a1-2a5958dca7ea",
    "data": [
      {
        "text": "🎅",
        "userDefined": false
      }
    ],
    "isTemplate": false,
    "count": 0,
    "updated": 0
  },
  {
    "id": "58e50e78-581e-4fcd-b1b6-7666b213ff37",
    "data": [
      {
        "text": "🎅🏻",
        "userDefined": false
      }
    ],
    "isTemplate": false,
    "count": 0,
    "updated": 0
  },
  {
    "id": "4817b501-97c8-488b-93a9-70c10220238c",
    "data": [
      {
        "text": "🎅🏼",
        "userDefined": false
      }
    ],
    "isTemplate": false,
    "count": 0,
    "updated": 0
  },
  {
    "id": "d0ce6b5f-7c4e-45a3-a4c8-8dafa36adf5b",
    "data": [
      {
        "text": "🎅🏽",
        "userDefined": false
      }
    ],
    "isTemplate": false,
    "count": 0,
    "updated": 0
  },
  {
    "id": "b7a1baa1-956d-4b2e-9a45-abeaedefe750",
    "data": [
      {
        "text": "🎅🏾",
        "userDefined": false
      }
    ],
    "isTemplate": false,
    "count": 0,
    "updated": 0
  },
  {
    "id": "c0481c6e-bac6-472e-9517-08373efdc36b",
    "data": [
      {
        "text": "🎅🏿",
        "userDefined": false
      }
    ],
    "isTemplate": false,
    "count": 0,
    "updated": 0
  },
  {
    "id": "579f0c5d-21ad-4d6c-a8a7-f85881c5dfbb",
    "data": [
      {
        "text": "👼",
        "userDefined": false
      }
    ],
    "isTemplate": false,
    "count": 0,
    "updated": 0
  },
  {
    "id": "3428a2af-260a-4c73-ad13-87e1e280ce50",
    "data": [
      {
        "text": "👼🏻",
        "userDefined": false
      }
    ],
    "isTemplate": false,
    "count": 0,
    "updated": 0
  },
  {
    "id": "7f87b82b-9acd-4f53-b282-a8d0ff351b18",
    "data": [
      {
        "text": "👼🏼",
        "userDefined": false
      }
    ],
    "isTemplate": false,
    "count": 0,
    "updated": 0
  },
  {
    "id": "a8051a45-9fd6-4981-9758-f3b6b5f18145",
    "data": [
      {
        "text": "👼🏽",
        "userDefined": false
      }
    ],
    "isTemplate": false,
    "count": 0,
    "updated": 0
  },
  {
    "id": "76051df1-6056-4576-b42c-12104b9e2324",
    "data": [
      {
        "text": "👼🏾",
        "userDefined": false
      }
    ],
    "isTemplate": false,
    "count": 0,
    "updated": 0
  },
  {
    "id": "f2ea4835-9f6f-402f-8c34-fcd99dd2c7b9",
    "data": [
      {
        "text": "👼🏿",
        "userDefined": false
      }
    ],
    "isTemplate": false,
    "count": 0,
    "updated": 0
  },
  {
    "id": "4801837c-3127-4663-be43-08f8d3fe2e00",
    "data": [
      {
        "text": "👸",
        "userDefined": false
      }
    ],
    "isTemplate": false,
    "count": 0,
    "updated": 0
  },
  {
    "id": "b027a89e-ddb1-4187-9a17-f4b328fb08c5",
    "data": [
      {
        "text": "👸🏻",
        "userDefined": false
      }
    ],
    "isTemplate": false,
    "count": 0,
    "updated": 0
  },
  {
    "id": "5123b6d2-d622-49e0-bad1-788a1ee688d0",
    "data": [
      {
        "text": "👸🏼",
        "userDefined": false
      }
    ],
    "isTemplate": false,
    "count": 0,
    "updated": 0
  },
  {
    "id": "37ec5939-7ab4-4ee0-a893-5c3238ed063e",
    "data": [
      {
        "text": "👸🏽",
        "userDefined": false
      }
    ],
    "isTemplate": false,
    "count": 0,
    "updated": 0
  },
  {
    "id": "cdf2c8c7-102d-45b0-a38e-bdeb0738de7f",
    "data": [
      {
        "text": "👸🏾",
        "userDefined": false
      }
    ],
    "isTemplate": false,
    "count": 0,
    "updated": 0
  },
  {
    "id": "acedc29b-db71-40f4-9e08-5167d02dcd15",
    "data": [
      {
        "text": "👸🏿",
        "userDefined": false
      }
    ],
    "isTemplate": false,
    "count": 0,
    "updated": 0
  },
  {
    "id": "1d9700c3-4875-4bcb-9118-6bf966f9671c",
    "data": [
      {
        "text": "👰",
        "userDefined": false
      }
    ],
    "isTemplate": false,
    "count": 0,
    "updated": 0
  },
  {
    "id": "7782c28c-7db1-4f64-baa5-ef710ae0bcfb",
    "data": [
      {
        "text": "👰🏻",
        "userDefined": false
      }
    ],
    "isTemplate": false,
    "count": 0,
    "updated": 0
  },
  {
    "id": "540463ac-96dd-4481-bfb9-a451536c1efe",
    "data": [
      {
        "text": "👰🏼",
        "userDefined": false
      }
    ],
    "isTemplate": false,
    "count": 0,
    "updated": 0
  },
  {
    "id": "3d4fdcc5-fb3c-4f2c-b293-3c1c8638a3f4",
    "data": [
      {
        "text": "👰🏽",
        "userDefined": false
      }
    ],
    "isTemplate": false,
    "count": 0,
    "updated": 0
  },
  {
    "id": "f53583a4-1692-477e-8a58-2f353fa92483",
    "data": [
      {
        "text": "👰🏾",
        "userDefined": false
      }
    ],
    "isTemplate": false,
    "count": 0,
    "updated": 0
  },
  {
    "id": "194c9771-5e04-42db-a94e-5d0c45f06128",
    "data": [
      {
        "text": "👰🏿",
        "userDefined": false
      }
    ],
    "isTemplate": false,
    "count": 0,
    "updated": 0
  },
  {
    "id": "f777cf67-2272-4e0d-98d7-d537a8d2530e",
    "data": [
      {
        "text": "🚶",
        "userDefined": false
      }
    ],
    "isTemplate": false,
    "count": 0,
    "updated": 0
  },
  {
    "id": "36f39424-fc98-4df0-8390-5e4219f543f5",
    "data": [
      {
        "text": "🚶🏻",
        "userDefined": false
      }
    ],
    "isTemplate": false,
    "count": 0,
    "updated": 0
  },
  {
    "id": "259ca196-8ce1-439d-b26d-fae8ec012612",
    "data": [
      {
        "text": "🚶🏼",
        "userDefined": false
      }
    ],
    "isTemplate": false,
    "count": 0,
    "updated": 0
  },
  {
    "id": "d2f71193-938b-45e7-a773-b70abd2f9038",
    "data": [
      {
        "text": "🚶🏽",
        "userDefined": false
      }
    ],
    "isTemplate": false,
    "count": 0,
    "updated": 0
  },
  {
    "id": "9d5dc38b-00ae-4431-9e5d-41046e8129c8",
    "data": [
      {
        "text": "🚶🏾",
        "userDefined": false
      }
    ],
    "isTemplate": false,
    "count": 0,
    "updated": 0
  },
  {
    "id": "28fff413-0544-424f-aa41-c963e3521fc1",
    "data": [
      {
        "text": "🚶🏿",
        "userDefined": false
      }
    ],
    "isTemplate": false,
    "count": 0,
    "updated": 0
  },
  {
    "id": "46aa8ba2-bdc3-47fa-a6b1-d20227212a54",
    "data": [
      {
        "text": "🏃",
        "userDefined": false
      }
    ],
    "isTemplate": false,
    "count": 0,
    "updated": 0
  },
  {
    "id": "0ae08ff6-5c15-4b0c-99ad-cf5ef8118dc1",
    "data": [
      {
        "text": "🏃🏻",
        "userDefined": false
      }
    ],
    "isTemplate": false,
    "count": 0,
    "updated": 0
  },
  {
    "id": "30ae4ce2-80de-496d-b3af-c75b5dbf4247",
    "data": [
      {
        "text": "🏃🏼",
        "userDefined": false
      }
    ],
    "isTemplate": false,
    "count": 0,
    "updated": 0
  },
  {
    "id": "c914733b-a999-4746-ae50-eb59ec731dc4",
    "data": [
      {
        "text": "🏃🏽",
        "userDefined": false
      }
    ],
    "isTemplate": false,
    "count": 0,
    "updated": 0
  },
  {
    "id": "28aa1b88-86ba-45d0-87bd-7e8f12b914f6",
    "data": [
      {
        "text": "🏃🏾",
        "userDefined": false
      }
    ],
    "isTemplate": false,
    "count": 0,
    "updated": 0
  },
  {
    "id": "e4b2c8b8-93bf-4d8e-a26b-72cd38b97862",
    "data": [
      {
        "text": "🏃🏿",
        "userDefined": false
      }
    ],
    "isTemplate": false,
    "count": 0,
    "updated": 0
  },
  {
    "id": "5327ba6d-9dc5-42fa-ae08-0aafa02ee341",
    "data": [
      {
        "text": "💃",
        "userDefined": false
      }
    ],
    "isTemplate": false,
    "count": 0,
    "updated": 0
  },
  {
    "id": "680fde68-52fa-4dc9-b150-21bc3a0457f2",
    "data": [
      {
        "text": "💃🏻",
        "userDefined": false
      }
    ],
    "isTemplate": false,
    "count": 0,
    "updated": 0
  },
  {
    "id": "ae8cbf9f-0500-482a-a553-3e4e34f97d4c",
    "data": [
      {
        "text": "💃🏼",
        "userDefined": false
      }
    ],
    "isTemplate": false,
    "count": 0,
    "updated": 0
  },
  {
    "id": "fcd33a37-4bf6-4e3b-a829-1f302317707a",
    "data": [
      {
        "text": "💃🏽",
        "userDefined": false
      }
    ],
    "isTemplate": false,
    "count": 0,
    "updated": 0
  },
  {
    "id": "c6fe3ac1-4536-4967-85fb-075d3f489b95",
    "data": [
      {
        "text": "💃🏾",
        "userDefined": false
      }
    ],
    "isTemplate": false,
    "count": 0,
    "updated": 0
  },
  {
    "id": "2a8b99a3-f845-4c6d-ab6b-6cbef23aa083",
    "data": [
      {
        "text": "💃🏿",
        "userDefined": false
      }
    ],
    "isTemplate": false,
    "count": 0,
    "updated": 0
  },
  {
    "id": "73f04798-d2e7-4ece-9977-a5842084879b",
    "data": [
      {
        "text": "👯",
        "userDefined": false
      }
    ],
    "isTemplate": false,
    "count": 0,
    "updated": 0
  },
  {
    "id": "9ec82f41-0a69-491e-a8e1-619bc2175b13",
    "data": [
      {
        "text": "👫",
        "userDefined": false
      }
    ],
    "isTemplate": false,
    "count": 0,
    "updated": 0
  },
  {
    "id": "b27d189c-7875-402a-91e1-1c5636685c76",
    "data": [
      {
        "text": "👬",
        "userDefined": false
      }
    ],
    "isTemplate": false,
    "count": 0,
    "updated": 0
  },
  {
    "id": "08a24937-c730-4699-85ee-a3c6a1dadac8",
    "data": [
      {
        "text": "👭",
        "userDefined": false
      }
    ],
    "isTemplate": false,
    "count": 0,
    "updated": 0
  },
  {
    "id": "ce625f96-faac-44ef-8a0a-0a785d10d00f",
    "data": [
      {
        "text": "🙇",
        "userDefined": false
      }
    ],
    "isTemplate": false,
    "count": 0,
    "updated": 0
  },
  {
    "id": "ca2c6d5e-b158-4282-8482-38a70d63318d",
    "data": [
      {
        "text": "🙇🏻",
        "userDefined": false
      }
    ],
    "isTemplate": false,
    "count": 0,
    "updated": 0
  },
  {
    "id": "b60131ad-3e68-4e6a-9421-bbf4e6ca195b",
    "data": [
      {
        "text": "🙇🏼",
        "userDefined": false
      }
    ],
    "isTemplate": false,
    "count": 0,
    "updated": 0
  },
  {
    "id": "601e3749-c515-4cdc-8b6a-9b8eb568228c",
    "data": [
      {
        "text": "🙇🏽",
        "userDefined": false
      }
    ],
    "isTemplate": false,
    "count": 0,
    "updated": 0
  },
  {
    "id": "3fcae383-44fb-4953-a057-de04e18471bb",
    "data": [
      {
        "text": "🙇🏾",
        "userDefined": false
      }
    ],
    "isTemplate": false,
    "count": 0,
    "updated": 0
  },
  {
    "id": "16c58800-fd7a-4c65-931e-bc2efc8b4bfe",
    "data": [
      {
        "text": "🙇🏿",
        "userDefined": false
      }
    ],
    "isTemplate": false,
    "count": 0,
    "updated": 0
  },
  {
    "id": "cd172a58-e524-44b1-8e78-8fad46aa8508",
    "data": [
      {
        "text": "💁",
        "userDefined": false
      }
    ],
    "isTemplate": false,
    "count": 0,
    "updated": 0
  },
  {
    "id": "89282459-946b-4056-a8e9-269a18099b27",
    "data": [
      {
        "text": "💁🏻",
        "userDefined": false
      }
    ],
    "isTemplate": false,
    "count": 0,
    "updated": 0
  },
  {
    "id": "ecbad433-d5f8-40f4-aae4-2b06e39c5641",
    "data": [
      {
        "text": "💁🏼",
        "userDefined": false
      }
    ],
    "isTemplate": false,
    "count": 0,
    "updated": 0
  },
  {
    "id": "80e78500-c952-42a4-9164-f483ed37ffc1",
    "data": [
      {
        "text": "💁🏽",
        "userDefined": false
      }
    ],
    "isTemplate": false,
    "count": 0,
    "updated": 0
  },
  {
    "id": "303628a3-3ca4-44be-8b17-90ebddc22c90",
    "data": [
      {
        "text": "💁🏾",
        "userDefined": false
      }
    ],
    "isTemplate": false,
    "count": 0,
    "updated": 0
  },
  {
    "id": "441fa0cc-b33e-43f1-96ee-20b56e87a303",
    "data": [
      {
        "text": "💁🏿",
        "userDefined": false
      }
    ],
    "isTemplate": false,
    "count": 0,
    "updated": 0
  },
  {
    "id": "b26d5c66-64bc-4035-b073-aef4410d38aa",
    "data": [
      {
        "text": "🙅",
        "userDefined": false
      }
    ],
    "isTemplate": false,
    "count": 0,
    "updated": 0
  },
  {
    "id": "fd87a997-37c5-4801-ab11-ffd9db84baf9",
    "data": [
      {
        "text": "🙅🏻",
        "userDefined": false
      }
    ],
    "isTemplate": false,
    "count": 0,
    "updated": 0
  },
  {
    "id": "39005659-fe3f-4705-bcd7-13faa5878e04",
    "data": [
      {
        "text": "🙅🏼",
        "userDefined": false
      }
    ],
    "isTemplate": false,
    "count": 0,
    "updated": 0
  },
  {
    "id": "e46822d6-2119-49bb-bb50-7ba38a25bb0f",
    "data": [
      {
        "text": "🙅🏽",
        "userDefined": false
      }
    ],
    "isTemplate": false,
    "count": 0,
    "updated": 0
  },
  {
    "id": "877fe08c-09b3-4b2f-a481-5fd53faae53c",
    "data": [
      {
        "text": "🙅🏾",
        "userDefined": false
      }
    ],
    "isTemplate": false,
    "count": 0,
    "updated": 0
  },
  {
    "id": "ddfb45ee-3d80-4340-86e8-708f1355b25e",
    "data": [
      {
        "text": "🙅🏿",
        "userDefined": false
      }
    ],
    "isTemplate": false,
    "count": 0,
    "updated": 0
  },
  {
    "id": "020c2055-54c5-40a8-bc3b-2d71bd238f18",
    "data": [
      {
        "text": "🙆",
        "userDefined": false
      }
    ],
    "isTemplate": false,
    "count": 0,
    "updated": 0
  },
  {
    "id": "ccdb0e61-f494-4bbc-a3f1-ea53e2a42bba",
    "data": [
      {
        "text": "🙆🏻",
        "userDefined": false
      }
    ],
    "isTemplate": false,
    "count": 0,
    "updated": 0
  },
  {
    "id": "243c5cb6-dfc9-40f9-b0f2-a1bbcee8c008",
    "data": [
      {
        "text": "🙆🏼",
        "userDefined": false
      }
    ],
    "isTemplate": false,
    "count": 0,
    "updated": 0
  },
  {
    "id": "326fbc04-86b8-4c17-b0b0-f716bddb6d5a",
    "data": [
      {
        "text": "🙆🏽",
        "userDefined": false
      }
    ],
    "isTemplate": false,
    "count": 0,
    "updated": 0
  },
  {
    "id": "48542897-5ddf-4a08-bb50-d06be2729a8c",
    "data": [
      {
        "text": "🙆🏾",
        "userDefined": false
      }
    ],
    "isTemplate": false,
    "count": 0,
    "updated": 0
  },
  {
    "id": "7747c3f9-8283-4850-bcb7-5afda21e63b0",
    "data": [
      {
        "text": "🙆🏿",
        "userDefined": false
      }
    ],
    "isTemplate": false,
    "count": 0,
    "updated": 0
  },
  {
    "id": "7fae17fd-d477-49d1-98c0-bcb8156dfe52",
    "data": [
      {
        "text": "🙋",
        "userDefined": false
      }
    ],
    "isTemplate": false,
    "count": 0,
    "updated": 0
  },
  {
    "id": "c6f3d2db-6088-4118-8b67-0538c7d220a7",
    "data": [
      {
        "text": "🙋🏻",
        "userDefined": false
      }
    ],
    "isTemplate": false,
    "count": 0,
    "updated": 0
  },
  {
    "id": "6e30afe8-8d33-44c3-8637-af4ba5a2c619",
    "data": [
      {
        "text": "🙋🏼",
        "userDefined": false
      }
    ],
    "isTemplate": false,
    "count": 0,
    "updated": 0
  },
  {
    "id": "e693fe67-135a-436d-8d83-fc1e05e6328a",
    "data": [
      {
        "text": "🙋🏽",
        "userDefined": false
      }
    ],
    "isTemplate": false,
    "count": 0,
    "updated": 0
  },
  {
    "id": "fb856341-847e-4811-8fa0-1788157a063e",
    "data": [
      {
        "text": "🙋🏾",
        "userDefined": false
      }
    ],
    "isTemplate": false,
    "count": 0,
    "updated": 0
  },
  {
    "id": "d57568a1-1ca9-449b-9654-f27f353dfb9e",
    "data": [
      {
        "text": "🙋🏿",
        "userDefined": false
      }
    ],
    "isTemplate": false,
    "count": 0,
    "updated": 0
  },
  {
    "id": "376bf037-120f-4468-ae6c-9234219541c0",
    "data": [
      {
        "text": "🙎",
        "userDefined": false
      }
    ],
    "isTemplate": false,
    "count": 0,
    "updated": 0
  },
  {
    "id": "7b676c07-61e9-407d-815f-7c232b6b07ac",
    "data": [
      {
        "text": "🙎🏻",
        "userDefined": false
      }
    ],
    "isTemplate": false,
    "count": 0,
    "updated": 0
  },
  {
    "id": "d4781263-a49d-4a6a-94ad-c7d4cf47a1eb",
    "data": [
      {
        "text": "🙎🏼",
        "userDefined": false
      }
    ],
    "isTemplate": false,
    "count": 0,
    "updated": 0
  },
  {
    "id": "33ddedf0-91e2-42fb-8ac2-f124cbedd960",
    "data": [
      {
        "text": "🙎🏽",
        "userDefined": false
      }
    ],
    "isTemplate": false,
    "count": 0,
    "updated": 0
  },
  {
    "id": "07921492-6cc5-4127-872b-1ae2292d813d",
    "data": [
      {
        "text": "🙎🏾",
        "userDefined": false
      }
    ],
    "isTemplate": false,
    "count": 0,
    "updated": 0
  },
  {
    "id": "e01d6625-2765-42de-80ac-342959533a7f",
    "data": [
      {
        "text": "🙎🏿",
        "userDefined": false
      }
    ],
    "isTemplate": false,
    "count": 0,
    "updated": 0
  },
  {
    "id": "bf3bea4d-b9d4-4f30-a582-46bd211a0389",
    "data": [
      {
        "text": "🙍",
        "userDefined": false
      }
    ],
    "isTemplate": false,
    "count": 0,
    "updated": 0
  },
  {
    "id": "080b292d-c9d9-4de1-a49f-7e0870c85e15",
    "data": [
      {
        "text": "🙍🏻",
        "userDefined": false
      }
    ],
    "isTemplate": false,
    "count": 0,
    "updated": 0
  },
  {
    "id": "58dabb88-30b4-4760-9c24-898bd4ba4b6a",
    "data": [
      {
        "text": "🙍🏼",
        "userDefined": false
      }
    ],
    "isTemplate": false,
    "count": 0,
    "updated": 0
  },
  {
    "id": "de75c6c1-fd86-46da-a7bd-d10eaf117ea5",
    "data": [
      {
        "text": "🙍🏽",
        "userDefined": false
      }
    ],
    "isTemplate": false,
    "count": 0,
    "updated": 0
  },
  {
    "id": "299f9b33-7a1f-44b1-a514-9fcbb4029d43",
    "data": [
      {
        "text": "🙍🏾",
        "userDefined": false
      }
    ],
    "isTemplate": false,
    "count": 0,
    "updated": 0
  },
  {
    "id": "89579b21-0842-4888-aed9-72df4bc2548d",
    "data": [
      {
        "text": "🙍🏿",
        "userDefined": false
      }
    ],
    "isTemplate": false,
    "count": 0,
    "updated": 0
  },
  {
    "id": "52ad092a-aa29-4fe1-9587-5d184afbe09a",
    "data": [
      {
        "text": "💇",
        "userDefined": false
      }
    ],
    "isTemplate": false,
    "count": 0,
    "updated": 0
  },
  {
    "id": "67121744-3dd5-4906-8584-ae54164766cf",
    "data": [
      {
        "text": "💇🏻",
        "userDefined": false
      }
    ],
    "isTemplate": false,
    "count": 0,
    "updated": 0
  },
  {
    "id": "6b68aa9f-bfc0-4aa1-84b7-b326e6e05a4f",
    "data": [
      {
        "text": "💇🏼",
        "userDefined": false
      }
    ],
    "isTemplate": false,
    "count": 0,
    "updated": 0
  },
  {
    "id": "d29b4bde-a220-4445-9b81-22c9c3a8615d",
    "data": [
      {
        "text": "💇🏽",
        "userDefined": false
      }
    ],
    "isTemplate": false,
    "count": 0,
    "updated": 0
  },
  {
    "id": "11e160bd-ebe5-4bdd-9658-d48bb02d910b",
    "data": [
      {
        "text": "💇🏾",
        "userDefined": false
      }
    ],
    "isTemplate": false,
    "count": 0,
    "updated": 0
  },
  {
    "id": "a63d1ffc-4d4d-4f7b-ba29-8619a1f09703",
    "data": [
      {
        "text": "💇🏿",
        "userDefined": false
      }
    ],
    "isTemplate": false,
    "count": 0,
    "updated": 0
  },
  {
    "id": "31cff6ee-fd37-4ee5-9d08-ca5dfce43967",
    "data": [
      {
        "text": "💆",
        "userDefined": false
      }
    ],
    "isTemplate": false,
    "count": 0,
    "updated": 0
  },
  {
    "id": "0bf74980-ad58-42b2-9012-2809358a0112",
    "data": [
      {
        "text": "💆🏻",
        "userDefined": false
      }
    ],
    "isTemplate": false,
    "count": 1,
    "updated": 0
  },
  {
    "id": "49919fea-852d-4662-b4b2-3795d673f1eb",
    "data": [
      {
        "text": "💆🏽",
        "userDefined": false
      }
    ],
    "isTemplate": false,
    "count": 0,
    "updated": 0
  },
  {
    "id": "4b6783a6-c0fc-413f-8ff7-f55e18137d98",
    "data": [
      {
        "text": "💆🏾",
        "userDefined": false
      }
    ],
    "isTemplate": false,
    "count": 0,
    "updated": 0
  },
  {
    "id": "004a6e43-c365-415b-a6aa-247292e8c824",
    "data": [
      {
        "text": "💆🏿",
        "userDefined": false
      }
    ],
    "isTemplate": false,
    "count": 0,
    "updated": 0
  },
  {
    "id": "092f21a3-1a09-4175-9109-8328772fc168",
    "data": [
      {
        "text": "💑",
        "userDefined": false
      }
    ],
    "isTemplate": false,
    "count": 0,
    "updated": 0
  },
  {
    "id": "3cea8b25-6d66-4760-a60f-2cb56a912713",
    "data": [
      {
        "text": "👩‍❤️‍👩",
        "userDefined": false
      }
    ],
    "isTemplate": false,
    "count": 0,
    "updated": 0
  },
  {
    "id": "4959e200-9c6b-430d-ac27-ca1f8e9bf738",
    "data": [
      {
        "text": "👨‍❤️‍👨",
        "userDefined": false
      }
    ],
    "isTemplate": false,
    "count": 0,
    "updated": 0
  },
  {
    "id": "a438cf27-3128-4a36-8235-23c5023cb875",
    "data": [
      {
        "text": "💏",
        "userDefined": false
      }
    ],
    "isTemplate": false,
    "count": 0,
    "updated": 0
  },
  {
    "id": "913c0e89-e25e-4a29-a4ea-c908639c245d",
    "data": [
      {
        "text": "👩‍❤️‍💋‍👩",
        "userDefined": false
      }
    ],
    "isTemplate": false,
    "count": 0,
    "updated": 0
  },
  {
    "id": "11d2cf3e-c4d7-4fe4-b1c1-97933254a5ed",
    "data": [
      {
        "text": "👨‍❤️‍💋‍👨",
        "userDefined": false
      }
    ],
    "isTemplate": false,
    "count": 0,
    "updated": 0
  },
  {
    "id": "2f4d33c5-548f-4587-a8b3-d500f6f136c9",
    "data": [
      {
        "text": "👪",
        "userDefined": false
      }
    ],
    "isTemplate": false,
    "count": 0,
    "updated": 0
  },
  {
    "id": "f21d2f34-3a7b-434f-b14a-fe3b20ead651",
    "data": [
      {
        "text": "👨‍👩‍👧",
        "userDefined": false
      }
    ],
    "isTemplate": false,
    "count": 0,
    "updated": 0
  },
  {
    "id": "0c29a7a5-5083-4abb-adc4-ffc0659d9ab0",
    "data": [
      {
        "text": "👨‍👩‍👧‍👦",
        "userDefined": false
      }
    ],
    "isTemplate": false,
    "count": 0,
    "updated": 0
  },
  {
    "id": "eb569001-4b57-47b6-b719-6c9db855302d",
    "data": [
      {
        "text": "👨‍👩‍👦‍👦",
        "userDefined": false
      }
    ],
    "isTemplate": false,
    "count": 0,
    "updated": 0
  },
  {
    "id": "2c04aaac-ccb5-4164-bbba-e7fec9c0a43e",
    "data": [
      {
        "text": "👨‍👩‍👧‍👧",
        "userDefined": false
      }
    ],
    "isTemplate": false,
    "count": 0,
    "updated": 0
  },
  {
    "id": "0574760c-3405-430e-82b1-516ad5c9d165",
    "data": [
      {
        "text": "👩‍👩‍👦",
        "userDefined": false
      }
    ],
    "isTemplate": false,
    "count": 0,
    "updated": 0
  },
  {
    "id": "40b9eadb-2515-474c-b761-9d1bd256184f",
    "data": [
      {
        "text": "👩‍👩‍👧",
        "userDefined": false
      }
    ],
    "isTemplate": false,
    "count": 0,
    "updated": 0
  },
  {
    "id": "4f3cb93f-e190-4e4e-b7b9-664b3ef1da74",
    "data": [
      {
        "text": "👩‍👩‍👧‍👦",
        "userDefined": false
      }
    ],
    "isTemplate": false,
    "count": 0,
    "updated": 0
  },
  {
    "id": "d995b384-fc08-41f7-99bb-71189c088437",
    "data": [
      {
        "text": "👩‍👩‍👦‍👦",
        "userDefined": false
      }
    ],
    "isTemplate": false,
    "count": 0,
    "updated": 0
  },
  {
    "id": "da2478e6-e1a5-4f65-a908-867ca3d08cd7",
    "data": [
      {
        "text": "👩‍👩‍👧‍👧",
        "userDefined": false
      }
    ],
    "isTemplate": false,
    "count": 0,
    "updated": 0
  },
  {
    "id": "10c8cc76-70ea-4ddf-a3ac-8c56db1de00b",
    "data": [
      {
        "text": "👨‍👨‍👦",
        "userDefined": false
      }
    ],
    "isTemplate": false,
    "count": 0,
    "updated": 0
  },
  {
    "id": "1c82d129-69a1-467e-8d59-2b1490595961",
    "data": [
      {
        "text": "👨‍👨‍👧",
        "userDefined": false
      }
    ],
    "isTemplate": false,
    "count": 0,
    "updated": 0
  },
  {
    "id": "981bd8d7-1e7d-4438-b587-321b505773f1",
    "data": [
      {
        "text": "👨‍👨‍👧‍👦",
        "userDefined": false
      }
    ],
    "isTemplate": false,
    "count": 0,
    "updated": 0
  },
  {
    "id": "4e5407c9-1ef4-48aa-9433-3fb1f4a3582c",
    "data": [
      {
        "text": "👨‍👨‍👦‍👦",
        "userDefined": false
      }
    ],
    "isTemplate": false,
    "count": 0,
    "updated": 0
  },
  {
    "id": "46fb6142-d6f2-4457-a451-93beb298b0ab",
    "data": [
      {
        "text": "👨‍👨‍👧‍👧",
        "userDefined": false
      }
    ],
    "isTemplate": false,
    "count": 0,
    "updated": 0
  },
  {
    "id": "ce898d48-c34c-4030-843e-b572fc0431e1",
    "data": [
      {
        "text": "👚",
        "userDefined": false
      }
    ],
    "isTemplate": false,
    "count": 0,
    "updated": 0
  },
  {
    "id": "5d5eb783-51fa-4bcd-a605-b4877e7686a6",
    "data": [
      {
        "text": "👕",
        "userDefined": false
      }
    ],
    "isTemplate": false,
    "count": 0,
    "updated": 0
  },
  {
    "id": "ba38f153-4108-4ae9-ba7e-fc4c4ff3f15b",
    "data": [
      {
        "text": "👖",
        "userDefined": false
      }
    ],
    "isTemplate": false,
    "count": 0,
    "updated": 0
  },
  {
    "id": "1eaaf323-b61e-4224-b1f8-e6ca7f3708a7",
    "data": [
      {
        "text": "👔",
        "userDefined": false
      }
    ],
    "isTemplate": false,
    "count": 0,
    "updated": 0
  },
  {
    "id": "2c8179f5-2a9a-400a-9b33-baf54c955a93",
    "data": [
      {
        "text": "👗",
        "userDefined": false
      }
    ],
    "isTemplate": false,
    "count": 0,
    "updated": 0
  },
  {
    "id": "62b93f7b-4e35-43ed-8aea-c11b56dae0d0",
    "data": [
      {
        "text": "👙",
        "userDefined": false
      }
    ],
    "isTemplate": false,
    "count": 0,
    "updated": 0
  },
  {
    "id": "bbc1f778-79f4-4f7e-af38-66b1ff698ad1",
    "data": [
      {
        "text": "👘",
        "userDefined": false
      }
    ],
    "isTemplate": false,
    "count": 0,
    "updated": 0
  },
  {
    "id": "782cd796-1197-44e9-a5ee-10d4e69f22c7",
    "data": [
      {
        "text": "💄",
        "userDefined": false
      }
    ],
    "isTemplate": false,
    "count": 0,
    "updated": 0
  },
  {
    "id": "afd13303-bfce-49cc-be92-fa08ffc2362c",
    "data": [
      {
        "text": "💋",
        "userDefined": false
      }
    ],
    "isTemplate": false,
    "count": 0,
    "updated": 0
  },
  {
    "id": "8b6c860d-8c47-4008-a41d-67de1280ef05",
    "data": [
      {
        "text": "👣",
        "userDefined": false
      }
    ],
    "isTemplate": false,
    "count": 0,
    "updated": 0
  },
  {
    "id": "171f24ea-5b5a-462f-98c8-60fdaefde2a6",
    "data": [
      {
        "text": "👠",
        "userDefined": false
      }
    ],
    "isTemplate": false,
    "count": 0,
    "updated": 0
  },
  {
    "id": "505e3b07-8938-48b8-806b-ed4efb4e3be0",
    "data": [
      {
        "text": "👡",
        "userDefined": false
      }
    ],
    "isTemplate": false,
    "count": 0,
    "updated": 0
  },
  {
    "id": "3fbe7eb6-e337-48d8-9691-62fb9f69dac2",
    "data": [
      {
        "text": "👢",
        "userDefined": false
      }
    ],
    "isTemplate": false,
    "count": 0,
    "updated": 0
  },
  {
    "id": "8f556f45-1bb9-4c13-8e5f-5b51b09b9b82",
    "data": [
      {
        "text": "👞",
        "userDefined": false
      }
    ],
    "isTemplate": false,
    "count": 0,
    "updated": 0
  },
  {
    "id": "4172c3bb-0046-4140-a57b-70b3aa5b3a6c",
    "data": [
      {
        "text": "👟",
        "userDefined": false
      }
    ],
    "isTemplate": false,
    "count": 0,
    "updated": 0
  },
  {
    "id": "18051dac-669c-463d-ac7b-a75221159575",
    "data": [
      {
        "text": "👒",
        "userDefined": false
      }
    ],
    "isTemplate": false,
    "count": 0,
    "updated": 0
  },
  {
    "id": "1dfaff95-72d2-4d0c-a846-d0db1fadff7f",
    "data": [
      {
        "text": "🎩",
        "userDefined": false
      }
    ],
    "isTemplate": false,
    "count": 0,
    "updated": 0
  },
  {
    "id": "3bee98d7-567d-4a09-bff2-00d4a5a56514",
    "data": [
      {
        "text": "🎓",
        "userDefined": false
      }
    ],
    "isTemplate": false,
    "count": 0,
    "updated": 0
  },
  {
    "id": "6c3cead4-b148-41dc-adf2-e11788964c51",
    "data": [
      {
        "text": "👑",
        "userDefined": false
      }
    ],
    "isTemplate": false,
    "count": 0,
    "updated": 0
  },
  {
    "id": "779e1b06-7d58-4f09-9d0d-5cb3e01fac47",
    "data": [
      {
        "text": "⛑",
        "userDefined": false
      }
    ],
    "isTemplate": false,
    "count": 0,
    "updated": 0
  },
  {
    "id": "8e3e8d1f-52df-476e-801e-2b438eeacb0c",
    "data": [
      {
        "text": "🎒",
        "userDefined": false
      }
    ],
    "isTemplate": false,
    "count": 0,
    "updated": 0
  },
  {
    "id": "768fb22e-722b-4673-a4e9-cc3d2676603c",
    "data": [
      {
        "text": "👝",
        "userDefined": false
      }
    ],
    "isTemplate": false,
    "count": 0,
    "updated": 0
  },
  {
    "id": "2ba433b4-13ec-422c-a631-6f376d8931e0",
    "data": [
      {
        "text": "👛",
        "userDefined": false
      }
    ],
    "isTemplate": false,
    "count": 0,
    "updated": 0
  },
  {
    "id": "3859f124-b586-494c-8e38-24a8ffdf8c1a",
    "data": [
      {
        "text": "👜",
        "userDefined": false
      }
    ],
    "isTemplate": false,
    "count": 0,
    "updated": 0
  },
  {
    "id": "148b4e63-7aed-4c4d-8385-0feccf277c24",
    "data": [
      {
        "text": "💼",
        "userDefined": false
      }
    ],
    "isTemplate": false,
    "count": 0,
    "updated": 0
  },
  {
    "id": "d5275258-239c-44b9-81bb-ed1376604c39",
    "data": [
      {
        "text": "👓",
        "userDefined": false
      }
    ],
    "isTemplate": false,
    "count": 0,
    "updated": 0
  },
  {
    "id": "46d1b739-1c71-4584-9a1b-2465695b6412",
    "data": [
      {
        "text": "🕶",
        "userDefined": false
      }
    ],
    "isTemplate": false,
    "count": 0,
    "updated": 0
  },
  {
    "id": "ab052131-ab96-4fb2-83d0-c340c44d0039",
    "data": [
      {
        "text": "💍",
        "userDefined": false
      }
    ],
    "isTemplate": false,
    "count": 0,
    "updated": 0
  },
  {
    "id": "118c71f2-1751-4633-8e86-dcb5ab9c85bb",
    "data": [
      {
        "text": "🌂",
        "userDefined": false
      }
    ],
    "isTemplate": false,
    "count": 0,
    "updated": 0
  }
]