[
  {
    "id": "a799645e-cc9d-42b7-b5ff-74363a95dccd",
    "data": [
      {
        "text": "👿",
        "userDefined": false
      }
    ],
    "isTemplate": false,
    "count": 0,
    "updated": 0
  },
  {
    "id": "d0a313f6-9ef5-4d20-b325-db2e277d9fce",
    "data": [
      {
        "text": "🤬",
        "userDefined": false
      }
    ],
    "isTemplate": false,
    "count": 0,
    "updated": 0
  },
  {
    "id": "6694f59e-5f86-4261-bdfa-80a84ce066d3",
    "data": [
      {
        "text": "😤",
        "userDefined": false
      }
    ],
    "isTemplate": false,
    "count": 0,
    "updated": 0
  },
  {
    "id": "b00e3092-e475-4650-802b-2f734c175e87",
    "data": [
      {
        "text": "😠",
        "userDefined": false
      }
    ],
    "isTemplate": false,
    "count": 0,
    "updated": 0
  },
  {
    "id": "f4487e48-f1f4-4789-8a55-66364ccc2981",
    "data": [
      {
        "text": "😡",
        "userDefined": false
      }
    ],
    "isTemplate": false,
    "count": 0,
    "updated": 0
  }
]