[
  {
    "id": "a93bdc6c-bd2a-4b80-aacd-6e75e7d50a2c",
    "data": [
      {
        "text": "full form?",
        "userDefined": false
      }
    ],
    "isTemplate": false,
    "count": 0,
    "updated": 0
  },
  {
    "id": "26164c53-bc85-4a47-b892-8e3f33399015",
    "data": [
      {
        "text": "ERA full form?",
        "userDefined": false
      }
    ],
    "isTemplate": false,
    "count": 0,
    "updated": 0
  },
  {
    "id": "97704b0e-9322-414f-9176-b01db148d81e",
    "data": [
      {
        "text": "Full form of ERA?",
        "userDefined": false
      }
    ],
    "isTemplate": false,
    "count": 0,
    "updated": 0
  },
  {
    "id": "6de5ff77-b3ca-4248-a1e8-0e576766b3b5",
    "data": [
      {
        "text": "What does ERA stand for?",
        "userDefined": false
      }
    ],
    "isTemplate": false,
    "count": 0,
    "updated": 0
  }
]