[
  {
    "id": "6f9fb7f0-78c4-4349-b946-d5a5f4937d2b",
    "data": [
      {
        "text": "what r u?",
        "userDefined": false
      }
    ],
    "isTemplate": false,
    "count": 0,
    "updated": 0
  },
  {
    "id": "19a3538c-713d-4fed-b8ec-7cb934b0e184",
    "data": [
      {
        "text": "what does the team do?",
        "userDefined": false
      }
    ],
    "isTemplate": false,
    "count": 0,
    "updated": 0
  },
  {
    "id": "0d4d2dbc-28a8-4e9f-9a25-c2c66019e1be",
    "data": [
      {
        "text": "What does the team work on?",
        "userDefined": false
      }
    ],
    "isTemplate": false,
    "count": 0,
    "updated": 0
  },
  {
    "id": "d0e9e434-75cf-474e-8c8f-f9da63fb7eb8",
    "data": [
      {
        "text": "What do you work on?",
        "userDefined": false
      }
    ],
    "isTemplate": false,
    "count": 0,
    "updated": 0
  },
  {
    "id": "c642a31c-c8a7-4e53-9969-26b9c6fa03d2",
    "data": [
      {
        "text": "era about",
        "userDefined": false
      }
    ],
    "isTemplate": false,
    "count": 0,
    "updated": 0
  },
  {
    "id": "9b800917-0c63-454b-84cb-c6fb41955df1",
    "data": [
      {
        "text": "What are your future goals?",
        "userDefined": false
      }
    ],
    "isTemplate": false,
    "count": 0,
    "updated": 0
  },
  {
    "id": "a067872f-a9e3-43f6-823f-108a31fb05d5",
    "data": [
      {
        "text": "What does ERA do?",
        "userDefined": false
      }
    ],
    "isTemplate": false,
    "count": 0,
    "updated": 0
  },
  {
    "id": "ee619d08-9f49-461e-9449-798ce651f9fc",
    "data": [
      {
        "text": "What is your main objective?",
        "userDefined": false
      }
    ],
    "isTemplate": false,
    "count": 0,
    "updated": 0
  },
  {
    "id": "9983432d-64de-45f0-a510-27a649a08162",
    "data": [
      {
        "text": "What do you do?",
        "userDefined": false
      }
    ],
    "isTemplate": false,
    "count": 0,
    "updated": 0
  },
  {
    "id": "a712413a-0672-4416-a2f0-2215062b7120",
    "data": [
      {
        "text": "What are you?",
        "userDefined": false
      }
    ],
    "isTemplate": false,
    "count": 0,
    "updated": 0
  }
]