[
  {
    "id": "5bfed1b7-f380-412f-ab6a-958e6b0a282e",
    "data": [
      {
        "text": "How did ERA start?",
        "userDefined": false
      }
    ],
    "isTemplate": false,
    "count": 0,
    "updated": 0
  },
  {
    "id": "356fc322-acbf-45dc-a626-b054eb4ba51b",
    "data": [
      {
        "text": "When did ERA start?",
        "userDefined": false
      }
    ],
    "isTemplate": false,
    "count": 0,
    "updated": 0
  },
  {
    "id": "979e54e4-d90a-4e35-98eb-87ec8636c0e1",
    "data": [
      {
        "text": "When was ERA started?",
        "userDefined": false
      }
    ],
    "isTemplate": false,
    "count": 0,
    "updated": 0
  },
  {
    "id": "0d5755c1-7ad5-4d27-b71f-25b1db6feda6",
    "data": [
      {
        "text": "When was ERA formed?",
        "userDefined": false
      }
    ],
    "isTemplate": false,
    "count": 0,
    "updated": 0
  },
  {
    "id": "98b2c959-c000-4da0-b1d9-699b1b47e806",
    "data": [
      {
        "text": "When was the team formed?",
        "userDefined": false
      }
    ],
    "isTemplate": false,
    "count": 0,
    "updated": 0
  },
  {
    "id": "fd82b66b-050b-463c-a71c-7cf35ad1a1f4",
    "data": [
      {
        "text": "When was the team found?",
        "userDefined": false
      }
    ],
    "isTemplate": false,
    "count": 0,
    "updated": 0
  }
]