[
  {
    "id": "7f7ff908-fc42-4234-baa0-139e1f5c273f",
    "data": [
      {
        "text": "Lectures?",
        "userDefined": false
      }
    ],
    "isTemplate": false,
    "count": 0,
    "updated": 0
  },
  {
    "id": "02c7ebe8-ec03-4f42-ace2-2c3e9638f8f9",
    "data": [
      {
        "text": "What is Eye?",
        "userDefined": false
      }
    ],
    "isTemplate": false,
    "count": 0,
    "updated": 0
  },
  {
    "id": "1a34e9cb-5634-4647-9861-57313683555d",
    "data": [
      {
        "text": "Do you have a tutorial series?",
        "userDefined": false
      }
    ],
    "isTemplate": false,
    "count": 0,
    "updated": 0
  },
  {
    "id": "a4f9de7d-ccb4-4926-81b0-f795f9e14818",
    "data": [
      {
        "text": "How can I gain technical expertise?",
        "userDefined": false
      }
    ],
    "isTemplate": false,
    "count": 0,
    "updated": 0
  }
]