[
  {
    "id": "4720116d-39cd-40b6-918f-f16f1dc3cd65",
    "data": [
      {
        "text": "Who is your mentor?",
        "userDefined": false
      }
    ],
    "isTemplate": false,
    "count": 0,
    "updated": 0
  },
  {
    "id": "b4998f50-0aa6-420f-a146-be53570c7a44",
    "data": [
      {
        "text": "prof",
        "userDefined": false
      }
    ],
    "isTemplate": false,
    "count": 0,
    "updated": 0
  },
  {
    "id": "9b68a3d3-850a-4088-988b-3aa3648f3945",
    "data": [
      {
        "text": "Laxmidhar Behera",
        "userDefined": false
      }
    ],
    "isTemplate": false,
    "count": 0,
    "updated": 0
  },
  {
    "id": "68cc84f7-082b-46b5-a369-fe78aad788b8",
    "data": [
      {
        "text": "Professor",
        "userDefined": false
      }
    ],
    "isTemplate": false,
    "count": 0,
    "updated": 0
  },
  {
    "id": "a4ebeaad-c181-4fd5-974d-5a5dddf10b40",
    "data": [
      {
        "text": "Who is your Faculty advisor?",
        "userDefined": false
      }
    ],
    "isTemplate": false,
    "count": 0,
    "updated": 0
  }
]