[
  {
    "id": "77b39426-b82c-4b28-9f34-8c9c71c49ac8",
    "data": [
      {
        "text": "Who created ERA?",
        "userDefined": false
      }
    ],
    "isTemplate": false,
    "count": 0,
    "updated": 0
  },
  {
    "id": "2c3b483f-dad8-4b80-bfcf-da0af8c9ab91",
    "data": [
      {
        "text": "Who is your founder?",
        "userDefined": false
      }
    ],
    "isTemplate": false,
    "count": 0,
    "updated": 0
  },
  {
    "id": "c0973b67-33de-4a90-a19a-580c085be515",
    "data": [
      {
        "text": "Who are your founders?",
        "userDefined": false
      }
    ],
    "isTemplate": false,
    "count": 0,
    "updated": 0
  }
]