[
  {
    "id": "164381f9-0086-4671-94ba-127bc9e9b351",
    "data": [
      {
        "text": "hi!",
        "userDefined": false
      }
    ],
    "isTemplate": false,
    "count": 0,
    "updated": 0
  },
  {
    "id": "b1035ebd-0ae5-4424-85ae-0faf8faa8a24",
    "data": [
      {
        "text": "hey!",
        "userDefined": false
      }
    ],
    "isTemplate": false,
    "count": 0,
    "updated": 0
  },
  {
    "id": "4f8df226-3b99-451c-adaa-e240c108fcb6",
    "data": [
      {
        "text": "hyyy",
        "userDefined": false
      }
    ],
    "isTemplate": false,
    "count": 0,
    "updated": 0
  },
  {
    "id": "9651f4a7-8566-4e9d-845d-14bac61b3297",
    "data": [
      {
        "text": "hyy",
        "userDefined": false
      }
    ],
    "isTemplate": false,
    "count": 0,
    "updated": 0
  },
  {
    "id": "fee701a0-8d90-40e1-bc1f-9ee665a94cd5",
    "data": [
      {
        "text": "hy",
        "userDefined": false
      }
    ],
    "isTemplate": false,
    "count": 0,
    "updated": 0
  },
  {
    "id": "1b8fd998-a504-4b53-a77a-f81363b8ae8e",
    "data": [
      {
        "text": "heyyyy",
        "userDefined": false
      }
    ],
    "isTemplate": false,
    "count": 0,
    "updated": 0
  },
  {
    "id": "2f94db3f-6abf-413e-a8f7-f1026c12fc7d",
    "data": [
      {
        "text": "helloooo",
        "userDefined": false
      }
    ],
    "isTemplate": false,
    "count": 0,
    "updated": 0
  },
  {
    "id": "76bdf3fb-b37f-447b-972f-5e075d814617",
    "data": [
      {
        "text": "hellooo",
        "userDefined": false
      }
    ],
    "isTemplate": false,
    "count": 0,
    "updated": 0
  },
  {
    "id": "7c8a0b65-659d-4a35-85f3-275e5739b263",
    "data": [
      {
        "text": "heyy",
        "userDefined": false
      }
    ],
    "isTemplate": false,
    "count": 0,
    "updated": 0
  },
  {
    "id": "dc12e9b8-93f6-49ec-bc83-d24b89d21817",
    "data": [
      {
        "text": "heyyy",
        "userDefined": false
      }
    ],
    "isTemplate": false,
    "count": 0,
    "updated": 0
  },
  {
    "id": "287d9ddc-8759-4a87-a114-1721113eff7d",
    "data": [
      {
        "text": "hiii",
        "userDefined": false
      }
    ],
    "isTemplate": false,
    "count": 0,
    "updated": 0
  },
  {
    "id": "ea9cd1de-c36b-45cc-a410-2c6dec114646",
    "data": [
      {
        "text": "Hiiii",
        "userDefined": false
      }
    ],
    "isTemplate": false,
    "count": 0,
    "updated": 0
  },
  {
    "id": "4b4a95d0-674d-4085-9a2e-411b646a9220",
    "data": [
      {
        "text": "hii",
        "userDefined": false
      }
    ],
    "isTemplate": false,
    "count": 0,
    "updated": 0
  },
  {
    "id": "85b6d2b5-c1d3-4e01-81c9-2653e731cfc7",
    "data": [
      {
        "text": "Hi",
        "userDefined": false
      }
    ],
    "isTemplate": false,
    "count": 0,
    "updated": 0
  },
  {
    "id": "c380b324-9160-4892-aa2c-e55bc09f753e",
    "data": [
      {
        "text": "Hey",
        "userDefined": false
      }
    ],
    "isTemplate": false,
    "count": 0,
    "updated": 0
  }
]