[
  {
    "id": "58774e57-643a-48b8-8b3a-fa4832ef1347",
    "data": [
      {
        "text": "How many new people will you take?",
        "userDefined": false
      }
    ],
    "isTemplate": false,
    "count": 0,
    "updated": 0
  },
  {
    "id": "e96353e2-9138-4c35-a1b7-dc64bb258e05",
    "data": [
      {
        "text": "How many people did you take ",
        "userDefined": false
      },
      {
        "text": "last year",
        "meta": "@sys.ignore",
        "userDefined": false
      },
      {
        "text": "?",
        "userDefined": false
      }
    ],
    "isTemplate": false,
    "count": 0,
    "updated": 0
  }
]