[
  {
    "id": "a4528189-3b72-4669-b4c1-2abddd38da0b",
    "data": [
      {
        "text": "gadha",
        "userDefined": false
      }
    ],
    "isTemplate": false,
    "count": 1,
    "updated": 0
  },
  {
    "id": "2658809f-f083-4e3b-8d97-ee08f49d5a25",
    "data": [
      {
        "text": "silly",
        "userDefined": false
      }
    ],
    "isTemplate": false,
    "count": 0,
    "updated": 0
  },
  {
    "id": "60da0bc2-58c1-4854-b873-959fdd39c561",
    "data": [
      {
        "text": "You are stupid",
        "userDefined": false
      }
    ],
    "isTemplate": false,
    "count": 0,
    "updated": 0
  },
  {
    "id": "5a9a1ec5-0b68-46ea-9d35-858bdcea5ee8",
    "data": [
      {
        "text": "You are dumb",
        "userDefined": false
      }
    ],
    "isTemplate": false,
    "count": 0,
    "updated": 0
  }
]