[
  {
    "id": "30703067-91b4-4a3a-9278-c8b11565c29b",
    "data": [
      {
        "text": "behenchod",
        "userDefined": false
      }
    ],
    "isTemplate": false,
    "count": 0,
    "updated": 0
  },
  {
    "id": "b9e7fbac-01bc-42c4-b8ef-9b674c19908a",
    "data": [
      {
        "text": "madarchod",
        "userDefined": false
      }
    ],
    "isTemplate": false,
    "count": 0,
    "updated": 0
  },
  {
    "id": "190d79a1-e6af-4e49-b30d-8ca9d05e4edd",
    "data": [
      {
        "text": "ma chuda",
        "userDefined": false
      }
    ],
    "isTemplate": false,
    "count": 0,
    "updated": 0
  },
  {
    "id": "36df60f3-d81f-4cb6-87e0-4636076761ef",
    "data": [
      {
        "text": "shit",
        "userDefined": false
      }
    ],
    "isTemplate": false,
    "count": 0,
    "updated": 0
  },
  {
    "id": "9e1c7c0f-d7fd-4a3f-bc4e-9e462eba20b2",
    "data": [
      {
        "text": "lund",
        "userDefined": false
      }
    ],
    "isTemplate": false,
    "count": 0,
    "updated": 0
  },
  {
    "id": "d9c694f8-29db-495a-a309-4249191fd6e5",
    "data": [
      {
        "text": "lode",
        "userDefined": false
      }
    ],
    "isTemplate": false,
    "count": 0,
    "updated": 0
  },
  {
    "id": "a0a04502-de27-4e06-9922-fff997227ad2",
    "data": [
      {
        "text": "laude",
        "userDefined": false
      }
    ],
    "isTemplate": false,
    "count": 0,
    "updated": 0
  },
  {
    "id": "8974c578-1aa4-45d2-b9fc-b65f64944808",
    "data": [
      {
        "text": "motherfucker",
        "userDefined": false
      }
    ],
    "isTemplate": false,
    "count": 0,
    "updated": 0
  },
  {
    "id": "93a104ec-4947-4df7-b25a-dc088edc962b",
    "data": [
      {
        "text": "chutiya",
        "userDefined": false
      }
    ],
    "isTemplate": false,
    "count": 0,
    "updated": 0
  },
  {
    "id": "633c16e6-997b-47ac-bd92-ce606912819f",
    "data": [
      {
        "text": "chuttad",
        "userDefined": false
      }
    ],
    "isTemplate": false,
    "count": 0,
    "updated": 0
  },
  {
    "id": "7bfafaf0-00fa-4d80-8c0b-8b02046297ec",
    "data": [
      {
        "text": "loda",
        "userDefined": false
      }
    ],
    "isTemplate": false,
    "count": 0,
    "updated": 0
  },
  {
    "id": "14c694eb-f9da-4bb3-ae4a-f65209cb64b2",
    "data": [
      {
        "text": "lauda",
        "userDefined": false
      }
    ],
    "isTemplate": false,
    "count": 0,
    "updated": 0
  },
  {
    "id": "195b1d69-431f-44d5-9779-b5990800c84b",
    "data": [
      {
        "text": "asshole",
        "userDefined": false
      }
    ],
    "isTemplate": false,
    "count": 0,
    "updated": 0
  },
  {
    "id": "7c706256-b609-41f9-a4ff-614d83846942",
    "data": [
      {
        "text": "mc",
        "userDefined": false
      }
    ],
    "isTemplate": false,
    "count": 0,
    "updated": 0
  },
  {
    "id": "d1273a43-0ac5-4bf9-a9bf-ae97df2dbabf",
    "data": [
      {
        "text": "bc",
        "userDefined": false
      }
    ],
    "isTemplate": false,
    "count": 0,
    "updated": 0
  },
  {
    "id": "fdb55936-08a9-49f2-a832-4908db58c405",
    "data": [
      {
        "text": "bsdk",
        "userDefined": false
      }
    ],
    "isTemplate": false,
    "count": 0,
    "updated": 0
  },
  {
    "id": "9435e08c-750b-43d8-b03f-dbbc5431bfef",
    "data": [
      {
        "text": "bhosdike",
        "userDefined": false
      }
    ],
    "isTemplate": false,
    "count": 1,
    "updated": 0
  },
  {
    "id": "24285d92-5026-4d7d-b473-ce6af3df19c6",
    "data": [
      {
        "text": "chutiye",
        "userDefined": false
      }
    ],
    "isTemplate": false,
    "count": 0,
    "updated": 0
  },
  {
    "id": "69e7ab7b-b6f2-4ac6-8371-dcef18c01cc0",
    "data": [
      {
        "text": "Fuck off",
        "userDefined": false
      }
    ],
    "isTemplate": false,
    "count": 0,
    "updated": 0
  },
  {
    "id": "81c65b90-6438-448b-abed-6f9d81304c82",
    "data": [
      {
        "text": "Fuck you",
        "userDefined": false
      }
    ],
    "isTemplate": false,
    "count": 0,
    "updated": 0
  }
]