[
  {
    "id": "a8d67737-b67a-49e6-b16e-fbc6755330eb",
    "data": [
      {
        "text": "Who are you?",
        "userDefined": false
      }
    ],
    "isTemplate": false,
    "count": 1,
    "updated": 0
  },
  {
    "id": "3f0d890e-f56f-4afb-a3d5-e8348504c221",
    "data": [
      {
        "text": "What is Iota?",
        "userDefined": false
      }
    ],
    "isTemplate": false,
    "count": 0,
    "updated": 0
  },
  {
    "id": "bd0a786f-ec04-4f4b-ade7-b0486b543364",
    "data": [
      {
        "text": "Tell me about yourself",
        "userDefined": false
      }
    ],
    "isTemplate": false,
    "count": 0,
    "updated": 0
  }
]