[
  {
    "id": "ac3a3572-ec08-4199-adfd-c31b2ce9c603",
    "data": [
      {
        "text": "where work?",
        "userDefined": false
      }
    ],
    "isTemplate": false,
    "count": 0,
    "updated": 0
  },
  {
    "id": "211e26c9-2507-4fd6-a503-ec958870116c",
    "data": [
      {
        "text": "work place?",
        "userDefined": false
      }
    ],
    "isTemplate": false,
    "count": 1,
    "updated": 0
  },
  {
    "id": "715dd6fd-9e80-4dc8-a3bf-0fbc35e65cc7",
    "data": [
      {
        "text": "where do you work?",
        "userDefined": false
      }
    ],
    "isTemplate": false,
    "count": 0,
    "updated": 0
  },
  {
    "id": "ad57f774-670c-4224-a2c9-129dcfbd98ef",
    "data": [
      {
        "text": "Place of work?",
        "userDefined": false
      }
    ],
    "isTemplate": false,
    "count": 0,
    "updated": 0
  },
  {
    "id": "fa24188f-3326-45d3-936f-5b9258bf30f6",
    "data": [
      {
        "text": "Can we visit the lab?",
        "userDefined": false
      }
    ],
    "isTemplate": false,
    "count": 0,
    "updated": 0
  }
]