[
  {
    "id": "f6c89d91-e460-4cd0-9523-3e6648d11f15",
    "data": [
      {
        "text": "head",
        "userDefined": false
      }
    ],
    "isTemplate": false,
    "count": 0,
    "updated": 0
  },
  {
    "id": "30fa2b2b-7592-473c-a5d6-917eb9deec35",
    "data": [
      {
        "text": "heads",
        "userDefined": false
      }
    ],
    "isTemplate": false,
    "count": 0,
    "updated": 0
  },
  {
    "id": "42ff025e-fe95-4cc7-a90e-f60c2994c792",
    "data": [
      {
        "text": "Team heads",
        "userDefined": false
      }
    ],
    "isTemplate": false,
    "count": 0,
    "updated": 0
  },
  {
    "id": "8944b3c6-67ce-43f9-b794-95862a26834c",
    "data": [
      {
        "text": "Who is your leader?",
        "userDefined": false
      }
    ],
    "isTemplate": false,
    "count": 0,
    "updated": 0
  }
]