[
  {
    "id": "d071f2ee-8459-497a-bbf6-9aff5cad27d3",
    "data": [
      {
        "text": "How can I join ERA?",
        "userDefined": false
      }
    ],
    "isTemplate": false,
    "count": 0,
    "updated": 0
  },
  {
    "id": "488ee5a5-b33f-409d-96c0-98e7f6f6bc2d",
    "data": [
      {
        "text": "When is the next recruitment?",
        "userDefined": false
      }
    ],
    "isTemplate": false,
    "count": 0,
    "updated": 0
  },
  {
    "id": "b185db23-41aa-4706-ae97-ed345a1a60cf",
    "data": [
      {
        "text": "How can I work with you?",
        "userDefined": false
      }
    ],
    "isTemplate": false,
    "count": 0,
    "updated": 0
  },
  {
    "id": "2d33d68d-109b-401a-ba02-ead5a17ddb95",
    "data": [
      {
        "text": "What is the recruitment procedure?",
        "userDefined": false
      }
    ],
    "isTemplate": false,
    "count": 0,
    "updated": 0
  }
]