[
  {
    "id": "d1558a7a-4ca1-4918-ab0f-0e12fdd3aefd",
    "data": [
      {
        "text": "Can I watch your robot in action?",
        "userDefined": false
      }
    ],
    "isTemplate": false,
    "count": 0,
    "updated": 0
  },
  {
    "id": "9e984e8e-686d-46ab-8bfc-6c0c4a9ff968",
    "data": [
      {
        "text": "Send me a picture of you robot.",
        "userDefined": false
      }
    ],
    "isTemplate": false,
    "count": 0,
    "updated": 0
  },
  {
    "id": "fe95cfb7-a2d0-4266-94cc-c32481e6fa6a",
    "data": [
      {
        "text": "Can we see your robot?",
        "userDefined": false
      }
    ],
    "isTemplate": false,
    "count": 0,
    "updated": 0
  }
]