[
  {
    "id": "de1a0575-2f7e-4b05-826e-0d047e6023b7",
    "data": [
      {
        "text": "funding?",
        "userDefined": false
      }
    ],
    "isTemplate": false,
    "count": 0,
    "updated": 0
  },
  {
    "id": "859f78e6-d0f8-4a9e-8a08-22b05ad7aa4c",
    "data": [
      {
        "text": "Where do you get the funds from?",
        "userDefined": false
      }
    ],
    "isTemplate": false,
    "count": 0,
    "updated": 0
  },
  {
    "id": "ad33b50a-e692-4c36-92ea-8917c4927dbf",
    "data": [
      {
        "text": "How do you get the funding?",
        "userDefined": false
      }
    ],
    "isTemplate": false,
    "count": 0,
    "updated": 0
  },
  {
    "id": "e074e8fa-a2d4-4c85-860a-a6f14b65c1b2",
    "data": [
      {
        "text": "How can I sponsor you?",
        "userDefined": false
      }
    ],
    "isTemplate": false,
    "count": 0,
    "updated": 0
  },
  {
    "id": "5d63a9de-707f-4397-a868-59e79a8364e5",
    "data": [
      {
        "text": "Who are your sponsors?",
        "userDefined": false
      }
    ],
    "isTemplate": false,
    "count": 0,
    "updated": 0
  }
]