[
  {
    "id": "ef389694-06aa-49fe-a2ee-1d74c19a3cb6",
    "data": [
      {
        "text": "What is the team structure?",
        "userDefined": false
      }
    ],
    "isTemplate": false,
    "count": 0,
    "updated": 0
  },
  {
    "id": "aecb2ec3-a28b-42ad-b5ee-576dd18b8260",
    "data": [
      {
        "text": "Do the same people handle technical and business side?",
        "userDefined": false
      }
    ],
    "isTemplate": false,
    "count": 0,
    "updated": 0
  },
  {
    "id": "e5a3d7af-286e-46ad-9974-9a431f07b0dd",
    "data": [
      {
        "text": "How is the team organized?",
        "userDefined": false
      }
    ],
    "isTemplate": false,
    "count": 0,
    "updated": 0
  },
  {
    "id": "fd596378-015d-4b9e-a054-e00af32250e5",
    "data": [
      {
        "text": "How many team members do you have?",
        "userDefined": false
      }
    ],
    "isTemplate": false,
    "count": 0,
    "updated": 0
  },
  {
    "id": "c3812ec8-19a8-4d39-a6a9-3a72f48028de",
    "data": [
      {
        "text": "What does the team comprise of?",
        "userDefined": false
      }
    ],
    "isTemplate": false,
    "count": 0,
    "updated": 0
  }
]