[
  {
    "id": "94299aa0-7f92-43ca-b9d4-6f5b5f53e37b",
    "data": [
      {
        "text": "Which competiton did you win?",
        "userDefined": false
      }
    ],
    "isTemplate": false,
    "count": 0,
    "updated": 0
  },
  {
    "id": "52d4d8c9-684d-41d5-a5c3-1cdfdf892fd8",
    "data": [
      {
        "text": "What have you won?",
        "userDefined": false
      }
    ],
    "isTemplate": false,
    "count": 0,
    "updated": 0
  },
  {
    "id": "b45b7dd1-f07b-4264-b921-7d3cc73df140",
    "data": [
      {
        "text": "What are your accomplishments?",
        "userDefined": false
      }
    ],
    "isTemplate": false,
    "count": 0,
    "updated": 0
  },
  {
    "id": "52256f9a-7bae-4b70-a89c-5d5378672be3",
    "data": [
      {
        "text": "What are your achievements?",
        "userDefined": false
      }
    ],
    "isTemplate": false,
    "count": 0,
    "updated": 0
  }
]